,month,airport,mean_precip_monthly,mean_snow_monthly,mean_wind_monthly,mean_cloud_monthly
0,1,ABE,0.0,1,1.0,2
1,1,ABI,0.0,0,2.0,0
2,1,ABQ,0.0,0,2.0,1
3,1,ABR,0.0,1,3.0,1
4,1,ABY,1.0,0,2.0,1
5,1,ACT,0.0,0,0.0,0
6,1,ACV,1.0,0,1.0,1
7,1,ACY,0.0,0,2.0,2
8,1,ADK,0.0,0,0.0,3
9,1,ADQ,0.0,2,1.0,1
10,1,AEX,1.0,0,1.0,1
11,1,AGS,1.0,0,2.0,1
12,1,ALB,0.0,1,2.0,3
13,1,ALO,0.0,1,2.0,1
14,1,ALW,0.0,2,3.0,2
15,1,AMA,0.0,0,3.0,0
16,1,ANC,0.0,1,1.0,1
17,1,APN,0.0,1,1.0,3
18,1,ART,0.0,2,2.0,3
19,1,ASE,0.0,1,3.0,1
20,1,ATL,1.0,1,2.0,2
21,1,ATW,0.0,1,2.0,2
22,1,AUS,0.0,0,0.0,1
23,1,AVL,1.0,0,2.0,1
24,1,AVP,0.0,1,3.0,3
25,1,AZA,0.0,0,0.0,0
26,1,AZO,0.0,1,3.0,2
27,1,BDL,0.0,0,1.0,3
28,1,BET,0.0,0,2.0,0
29,1,BFL,0.0,0,1.0,0
30,1,BFM,1.0,0,3.0,1
31,1,BGM,0.0,1,2.0,2
32,1,BGR,0.0,1,1.0,3
33,1,BHM,1.0,0,2.0,2
34,1,BIL,0.0,0,3.0,3
35,1,BIS,0.0,1,3.0,1
36,1,BJI,0.0,1,1.0,2
37,1,BLI,1.0,0,3.0,3
38,1,BLV,0.0,0,1.0,0
39,1,BMI,0.0,1,2.0,1
40,1,BNA,1.0,0,0.0,2
41,1,BOI,0.0,0,1.0,1
42,1,BOS,0.0,0,3.0,2
43,1,BPT,1.0,0,0.0,1
44,1,BQK,0.0,0,1.0,0
45,1,BRO,0.0,0,2.0,0
46,1,BRW,0.0,0,0.0,1
47,1,BTM,0.0,1,2.0,2
48,1,BTR,1.0,0,0.0,1
49,1,BTV,0.0,2,2.0,3
50,1,BUF,0.0,1,3.0,3
51,1,BUR,0.0,0,3.0,0
52,1,BWI,0.0,0,2.0,2
53,1,BZN,0.0,1,3.0,1
54,1,CAE,1.0,0,3.0,1
55,1,CAK,0.0,1,2.0,3
56,1,CDC,0.0,1,1.0,0
57,1,CDV,1.0,2,0.0,2
58,1,CGI,0.0,0,2.0,1
59,1,CHA,1.0,0,2.0,2
60,1,CHO,0.0,0,1.0,0
61,1,CHS,0.0,0,2.0,1
62,1,CID,0.0,0,3.0,1
63,1,CIU,0.0,1,2.0,3
64,1,CKB,1.0,0,1.0,3
65,1,CLE,0.0,1,3.0,3
66,1,CLL,0.0,0,0.0,1
67,1,CLT,1.0,1,1.0,1
68,1,CMH,1.0,1,2.0,3
69,1,CMI,0.0,0,3.0,0
70,1,CMX,0.0,1,3.0,3
71,1,COD,0.0,0,3.0,0
72,1,COS,0.0,0,3.0,1
73,1,COU,0.0,0,2.0,0
74,1,CPR,0.0,1,3.0,0
75,1,CRP,0.0,0,1.0,1
76,1,CRW,1.0,0,1.0,3
77,1,CSG,1.0,0,2.0,1
78,1,CVG,1.0,0,2.0,2
79,1,CWA,0.0,1,1.0,2
80,1,DAB,0.0,0,1.0,0
81,1,DAL,0.0,0,2.0,1
82,1,DAY,1.0,0,2.0,3
83,1,DBQ,0.0,1,1.0,1
84,1,DCA,0.0,1,2.0,3
85,1,DEN,0.0,1,3.0,1
86,1,DFW,0.0,0,2.0,2
87,1,DHN,1.0,0,3.0,0
88,1,DIK,0.0,0,3.0,1
89,1,DLH,0.0,0,2.0,3
90,1,DRO,0.0,0,1.0,0
91,1,DSM,0.0,1,3.0,2
92,1,DTW,0.0,0,2.0,3
93,1,EAR,0.0,0,1.0,0
94,1,EAT,0.0,0,3.0,1
95,1,EAU,0.0,1,1.0,2
96,1,ECP,0.0,0,2.0,1
97,1,EGE,0.0,2,3.0,1
98,1,EKO,0.0,2,2.0,1
99,1,ELM,0.0,1,2.0,3
100,1,ELP,0.0,0,3.0,0
101,1,ERI,0.0,1,3.0,2
102,1,ESC,0.0,1,1.0,2
103,1,EUG,0.0,0,2.0,3
104,1,EVV,1.0,0,2.0,1
105,1,EWN,1.0,0,2.0,0
106,1,EWR,0.0,1,3.0,2
107,1,EYW,0.0,0,1.0,0
108,1,FAI,0.0,1,0.0,1
109,1,FAR,0.0,0,3.0,2
110,1,FAT,0.0,0,0.0,2
111,1,FAY,1.0,0,3.0,1
112,1,FCA,0.0,2,2.0,3
113,1,FLG,0.0,2,1.0,0
114,1,FLL,0.0,0,0.0,1
115,1,FLO,1.0,0,1.0,0
116,1,FNT,0.0,1,2.0,2
117,1,FSD,0.0,0,3.0,2
118,1,FSM,0.0,0,1.0,0
119,1,FWA,0.0,1,3.0,3
120,1,GCC,0.0,0,3.0,1
121,1,GCK,0.0,0,3.0,0
122,1,GEG,0.0,1,3.0,3
123,1,GFK,0.0,0,3.0,2
124,1,GGG,0.0,0,1.0,0
125,1,GJT,0.0,1,0.0,2
126,1,GNV,0.0,0,1.0,0
127,1,GPT,1.0,0,2.0,1
128,1,GRB,0.0,1,2.0,2
129,1,GRI,0.0,1,2.0,0
130,1,GRK,0.0,0,0.0,0
131,1,GRR,0.0,1,3.0,3
132,1,GSO,1.0,0,1.0,2
133,1,GSP,1.0,0,0.0,1
134,1,GTF,0.0,0,3.0,0
135,1,GUC,0.0,2,3.0,0
136,1,HDN,0.0,1,2.0,2
137,1,HGR,0.0,1,3.0,2
138,1,HHH,0.0,0,1.0,0
139,1,HIB,0.0,2,1.0,3
140,1,HLN,0.0,1,3.0,2
141,1,HNL,0.0,0,2.0,2
142,1,HOB,0.0,0,2.0,0
143,1,HOU,0.0,0,1.0,1
144,1,HPN,0.0,1,2.0,2
145,1,HRL,0.0,0,2.0,0
146,1,HSV,1.0,0,2.0,2
147,1,HTS,1.0,0,0.0,2
148,1,HVN,0.0,0,2.0,2
149,1,HYS,0.0,0,2.0,0
150,1,IAD,0.0,1,1.0,2
151,1,IAG,0.0,1,2.0,3
152,1,IAH,0.0,0,1.0,2
153,1,ICT,0.0,0,2.0,0
154,1,IDA,0.0,1,3.0,3
155,1,ILM,1.0,0,3.0,0
156,1,IMT,0.0,1,2.0,3
157,1,IND,0.0,0,3.0,3
158,1,INL,0.0,0,2.0,3
159,1,IPT,0.0,1,2.0,3
160,1,ISP,0.0,0,2.0,3
161,1,ITH,0.0,1,1.0,3
162,1,ITO,1.0,0,0.0,0
163,1,JAC,0.0,2,2.0,1
164,1,JAN,1.0,0,2.0,1
165,1,JAX,0.0,0,1.0,1
166,1,JFK,0.0,1,3.0,2
167,1,JHM,0.0,0,3.0,0
168,1,JLN,0.0,0,1.0,0
169,1,JMS,0.0,1,3.0,1
170,1,JNU,1.0,2,2.0,3
171,1,KOA,0.0,0,2.0,0
172,1,KTN,1.0,2,0.0,1
173,1,LAN,0.0,0,3.0,2
174,1,LAR,0.0,0,3.0,0
175,1,LAS,0.0,0,3.0,1
176,1,LAW,0.0,0,2.0,0
177,1,LAX,0.0,0,1.0,1
178,1,LBB,0.0,0,2.0,1
179,1,LBF,0.0,1,3.0,0
180,1,LCH,1.0,0,1.0,1
181,1,LCK,1.0,0,1.0,3
182,1,LEX,1.0,0,2.0,2
183,1,LFT,1.0,0,2.0,1
184,1,LGA,0.0,1,3.0,3
185,1,LGB,0.0,0,0.0,0
186,1,LIH,0.0,0,2.0,1
187,1,LIT,0.0,0,1.0,1
188,1,LNK,0.0,0,2.0,0
189,1,LNY,0.0,0,3.0,0
190,1,LRD,0.0,0,0.0,0
191,1,LSE,0.0,1,1.0,2
192,1,LWB,1.0,1,1.0,2
193,1,LWS,0.0,0,3.0,2
194,1,LYH,0.0,0,2.0,1
195,1,MAF,0.0,0,2.0,0
196,1,MBS,0.0,1,2.0,2
197,1,MCI,0.0,0,3.0,1
198,1,MCO,0.0,0,1.0,1
199,1,MDT,0.0,0,2.0,3
200,1,MDW,0.0,1,2.0,3
201,1,MEI,1.0,0,3.0,1
202,1,MEM,1.0,0,1.0,2
203,1,MFE,0.0,0,2.0,0
204,1,MFR,0.0,0,2.0,2
205,1,MGM,1.0,0,1.0,0
206,1,MHK,0.0,0,1.0,0
207,1,MHT,0.0,0,3.0,3
208,1,MIA,0.0,0,1.0,1
209,1,MKE,0.0,1,2.0,2
210,1,MKG,0.0,1,3.0,3
211,1,MKK,0.0,0,3.0,1
212,1,MLB,0.0,0,2.0,0
213,1,MLI,0.0,1,3.0,1
214,1,MLU,1.0,0,0.0,1
215,1,MOB,1.0,0,2.0,2
216,1,MOT,0.0,0,3.0,1
217,1,MQT,0.0,1,2.0,1
218,1,MRY,0.0,0,0.0,0
219,1,MSN,0.0,1,1.0,3
220,1,MSO,0.0,1,2.0,3
221,1,MSP,0.0,1,1.0,2
222,1,MSY,1.0,0,1.0,2
223,1,MTJ,0.0,1,0.0,0
224,1,MYR,0.0,0,3.0,0
225,1,OAJ,0.0,0,1.0,0
226,1,OAK,0.0,0,3.0,2
227,1,OGG,0.0,0,3.0,0
228,1,OGS,0.0,1,1.0,0
229,1,OKC,0.0,0,2.0,1
230,1,OMA,0.0,0,2.0,2
231,1,OME,0.0,0,0.0,2
232,1,ONT,0.0,0,2.0,2
233,1,ORD,0.0,1,2.0,2
234,1,ORF,1.0,0,1.0,0
235,1,ORH,0.0,1,3.0,1
236,1,OTZ,0.0,0,3.0,1
237,1,PAE,1.0,0,3.0,3
238,1,PAH,1.0,0,1.0,1
239,1,PBG,0.0,2,1.0,3
240,1,PBI,0.0,0,2.0,1
241,1,PDX,1.0,0,3.0,3
242,1,PGD,0.0,0,2.0,0
243,1,PGV,1.0,0,0.0,0
244,1,PHF,1.0,0,1.0,1
245,1,PHL,0.0,0,2.0,3
246,1,PHX,0.0,0,1.0,1
247,1,PIA,0.0,1,3.0,1
248,1,PIB,1.0,0,1.0,1
249,1,PIE,1.0,0,2.0,0
250,1,PIH,0.0,1,3.0,1
251,1,PIT,1.0,1,2.0,3
252,1,PLN,0.0,1,2.0,3
253,1,PNS,0.0,0,3.0,1
254,1,PQI,0.0,1,0.0,3
255,1,PRC,0.0,0,1.0,0
256,1,PSC,0.0,0,3.0,1
257,1,PSG,1.0,2,2.0,2
258,1,PSM,0.0,1,3.0,3
259,1,PSP,0.0,2,1.0,0
260,1,PUB,0.0,0,3.0,0
261,1,PUW,1.0,2,3.0,2
262,1,PVD,0.0,1,1.0,2
263,1,PWM,0.0,1,3.0,2
264,1,RAP,0.0,0,3.0,1
265,1,RDD,0.0,0,0.0,0
266,1,RDM,0.0,0,2.0,0
267,1,RDU,1.0,1,1.0,2
268,1,RFD,0.0,1,2.0,2
269,1,RIC,1.0,0,1.0,2
270,1,RNO,0.0,0,3.0,1
271,1,ROA,0.0,0,3.0,1
272,1,ROC,0.0,1,2.0,3
273,1,ROW,0.0,0,3.0,0
274,1,RST,0.0,1,1.0,1
275,1,RSW,0.0,0,1.0,0
276,1,SAF,0.0,0,2.0,0
277,1,SAN,0.0,0,1.0,1
278,1,SAT,0.0,0,1.0,1
279,1,SAV,0.0,0,2.0,1
280,1,SBA,0.0,0,1.0,0
281,1,SBN,0.0,1,2.0,2
282,1,SBP,0.0,0,2.0,0
283,1,SBY,0.0,0,2.0,1
284,1,SCC,0.0,1,0.0,3
285,1,SCE,0.0,1,2.0,2
286,1,SCK,0.0,0,0.0,0
287,1,SDF,1.0,1,2.0,2
288,1,SEA,1.0,0,2.0,3
289,1,SFB,0.0,0,2.0,0
290,1,SFO,0.0,0,2.0,2
291,1,SGF,0.0,0,2.0,0
292,1,SGU,0.0,0,1.0,0
293,1,SHD,0.0,1,0.0,2
294,1,SHV,1.0,0,0.0,1
295,1,SIT,1.0,2,2.0,3
296,1,SJC,0.0,0,2.0,1
297,1,SJT,0.0,0,1.0,0
298,1,SLC,0.0,1,1.0,2
299,1,SLN,0.0,0,2.0,0
300,1,SMF,0.0,0,0.0,1
301,1,SNA,0.0,0,0.0,1
302,1,SPI,0.0,0,3.0,0
303,1,SRQ,1.0,0,3.0,0
304,1,STL,0.0,0,2.0,1
305,1,STS,0.0,0,0.0,0
306,1,SUN,0.0,1,2.0,0
307,1,SUX,0.0,0,2.0,0
308,1,SWF,0.0,0,2.0,2
309,1,SWO,0.0,0,2.0,0
310,1,SYR,0.0,1,3.0,3
311,1,TLH,0.0,0,0.0,1
312,1,TOL,0.0,1,2.0,2
313,1,TPA,0.0,0,2.0,1
314,1,TRI,1.0,0,0.0,2
315,1,TTN,0.0,0,2.0,2
316,1,TUL,0.0,0,2.0,1
317,1,TUS,0.0,0,2.0,0
318,1,TVC,0.0,1,2.0,3
319,1,TWF,0.0,0,3.0,1
320,1,TXK,0.0,0,0.0,0
321,1,TYR,0.0,0,0.0,1
322,1,TYS,1.0,0,1.0,2
323,1,USA,1.0,0,2.0,1
324,1,VEL,0.0,0,0.0,0
325,1,VLD,1.0,0,1.0,1
326,1,VPS,0.0,0,2.0,1
327,1,WRG,0.0,2,2.0,1
328,1,XNA,0.0,0,1.0,0
329,1,XWA,0.0,0,3.0,1
330,1,YAK,1.0,0,2.0,1
331,1,YKM,0.0,0,3.0,0
332,1,YUM,0.0,0,1.0,0
333,2,ACY,1.0,0,3.0,1
334,2,ASE,0.0,1,1.0,0
335,2,ATL,1.0,0,1.0,3
336,2,AUS,0.0,0,1.0,3
337,2,AZA,0.0,0,0.0,0
338,2,BMI,0.0,1,1.0,2
339,2,BNA,1.0,0,0.0,3
340,2,BOS,1.0,0,2.0,3
341,2,BRW,0.0,0,0.0,1
342,2,BUF,1.0,1,2.0,3
343,2,BUR,0.0,0,1.0,1
344,2,BWI,0.0,0,0.0,1
345,2,CAK,1.0,0,1.0,3
346,2,CHA,0.0,0,0.0,1
347,2,CHO,1.0,0,0.0,2
348,2,CHS,0.0,0,3.0,2
349,2,CID,0.0,0,0.0,0
350,2,CLE,0.0,1,2.0,3
351,2,CLT,1.0,0,1.0,3
352,2,CMH,0.0,0,0.0,3
353,2,CPR,0.0,2,0.0,2
354,2,CVG,0.0,0,0.0,3
355,2,DAL,1.0,0,1.0,3
356,2,DAY,1.0,0,2.0,3
357,2,DCA,1.0,1,2.0,3
358,2,DEN,0.0,1,3.0,1
359,2,DFW,1.0,0,2.0,3
360,2,DTW,0.0,1,2.0,3
361,2,ELP,0.0,0,3.0,2
362,2,EUG,1.0,0,3.0,3
363,2,EWR,1.0,0,3.0,3
364,2,FLL,0.0,0,1.0,0
365,2,GEG,0.0,1,0.0,3
366,2,GRB,1.0,1,2.0,1
367,2,GRR,0.0,0,2.0,3
368,2,HOU,0.0,0,0.0,3
369,2,HPN,0.0,0,3.0,1
370,2,HYS,0.0,0,3.0,0
371,2,IAD,1.0,1,0.0,3
372,2,IAH,1.0,0,2.0,3
373,2,IND,0.0,0,2.0,3
374,2,JAX,0.0,0,0.0,2
375,2,JFK,1.0,1,3.0,2
376,2,LAS,1.0,0,3.0,2
377,2,LAX,0.0,0,2.0,1
378,2,LEX,1.0,0,2.0,3
379,2,LGA,0.0,1,3.0,3
380,2,LGB,1.0,0,0.0,2
381,2,LIT,1.0,0,3.0,3
382,2,MCO,0.0,0,1.0,2
383,2,MDW,1.0,1,3.0,3
384,2,MEM,0.0,0,1.0,3
385,2,MFR,0.0,0,0.0,1
386,2,MIA,0.0,0,0.0,1
387,2,MKE,1.0,1,3.0,3
388,2,MRY,0.0,0,0.0,0
389,2,MSP,1.0,2,1.0,2
390,2,MSY,1.0,0,2.0,3
391,2,MTJ,0.0,0,3.0,1
392,2,MYR,0.0,0,2.0,3
393,2,OAK,1.0,0,3.0,3
394,2,ORD,0.0,1,2.0,3
395,2,ORF,0.0,0,1.0,2
396,2,PBI,0.0,0,0.0,0
397,2,PDX,0.0,0,3.0,3
398,2,PGD,0.0,0,0.0,2
399,2,PHL,0.0,0,1.0,3
400,2,PHX,0.0,0,2.0,1
401,2,PIT,0.0,1,2.0,3
402,2,PVD,1.0,2,2.0,1
403,2,RDM,0.0,1,1.0,0
404,2,RDU,0.0,0,1.0,3
405,2,RIC,0.0,0,1.0,1
406,2,RNO,0.0,0,1.0,2
407,2,RSW,0.0,0,0.0,0
408,2,SAN,1.0,0,3.0,2
409,2,SAT,1.0,0,1.0,3
410,2,SAV,0.0,0,0.0,2
411,2,SEA,1.0,1,2.0,3
412,2,SFB,1.0,0,3.0,1
413,2,SFO,0.0,0,1.0,0
414,2,SHV,0.0,0,0.0,3
415,2,SJC,0.0,0,2.0,2
416,2,SLC,0.0,2,3.0,2
417,2,SMF,0.0,0,1.0,0
418,2,SNA,0.0,0,0.0,0
419,2,STL,0.0,0,3.0,1
420,2,SYR,0.0,0,1.0,3
421,2,TPA,0.0,0,0.0,1
422,2,TUL,1.0,0,1.0,2
423,2,TUS,0.0,0,1.0,0
424,2,TYS,1.0,0,0.0,3
425,2,VPS,0.0,0,0.0,3
426,3,ALB,0.0,0,0.0,0
427,3,ASE,0.0,1,2.0,3
428,3,ATL,0.0,0,2.0,2
429,3,AUS,0.0,0,1.0,3
430,3,BNA,1.0,0,2.0,3
431,3,BOI,0.0,0,0.0,3
432,3,BOS,0.0,0,2.0,1
433,3,BTV,0.0,0,2.0,0
434,3,BUF,0.0,0,2.0,3
435,3,BUR,0.0,0,0.0,2
436,3,BWI,0.0,1,2.0,2
437,3,CHA,1.0,0,2.0,3
438,3,CHS,0.0,0,0.0,3
439,3,CID,0.0,0,0.0,0
440,3,CLE,0.0,0,3.0,3
441,3,CLT,0.0,0,1.0,2
442,3,CMH,0.0,0,3.0,2
443,3,CMI,0.0,0,3.0,0
444,3,CPR,0.0,0,3.0,0
445,3,CWA,1.0,0,1.0,0
446,3,DAL,0.0,0,3.0,2
447,3,DAY,0.0,0,0.0,3
448,3,DCA,0.0,0,2.0,3
449,3,DEN,0.0,1,2.0,1
450,3,DFW,0.0,0,2.0,2
451,3,DSM,1.0,0,2.0,3
452,3,DTW,0.0,0,0.0,2
453,3,EAU,0.0,0,2.0,0
454,3,EUG,1.0,0,0.0,3
455,3,EWR,1.0,0,3.0,1
456,3,FLL,0.0,0,2.0,2
457,3,GSO,1.0,0,3.0,2
458,3,HGR,0.0,0,2.0,0
459,3,HOU,0.0,0,0.0,3
460,3,HPN,0.0,0,2.0,0
461,3,HSV,0.0,0,0.0,2
462,3,IAD,1.0,1,1.0,2
463,3,IAH,0.0,0,1.0,3
464,3,IND,0.0,0,1.0,0
465,3,JAX,0.0,0,0.0,1
466,3,JFK,1.0,1,3.0,2
467,3,LAS,0.0,0,3.0,2
468,3,LAX,0.0,0,0.0,2
469,3,LBF,0.0,0,2.0,3
470,3,LGA,0.0,2,3.0,3
471,3,LIH,0.0,0,2.0,3
472,3,MCI,0.0,1,0.0,2
473,3,MCO,0.0,0,1.0,0
474,3,MDW,0.0,0,0.0,3
475,3,MKE,0.0,0,3.0,0
476,3,MOB,0.0,0,0.0,0
477,3,MSO,0.0,0,3.0,3
478,3,MSP,0.0,2,3.0,2
479,3,MSY,0.0,0,2.0,2
480,3,MTJ,1.0,0,3.0,3
481,3,OAJ,0.0,0,3.0,0
482,3,OAK,0.0,0,0.0,1
483,3,OGG,1.0,0,3.0,1
484,3,OMA,0.0,0,3.0,1
485,3,ONT,0.0,0,2.0,2
486,3,ORD,0.0,1,2.0,2
487,3,ORF,0.0,0,0.0,0
488,3,PBI,0.0,0,2.0,1
489,3,PDX,0.0,0,3.0,3
490,3,PHL,0.0,1,2.0,2
491,3,PHX,0.0,0,0.0,2
492,3,PIT,0.0,0,3.0,3
493,3,PNS,0.0,0,2.0,0
494,3,PVD,0.0,0,1.0,1
495,3,RDM,0.0,2,0.0,3
496,3,RDU,1.0,1,1.0,2
497,3,RIC,0.0,0,3.0,1
498,3,RSW,1.0,0,0.0,1
499,3,SAN,0.0,0,0.0,2
500,3,SAT,0.0,0,0.0,3
501,3,SBP,0.0,0,0.0,0
502,3,SEA,0.0,0,1.0,2
503,3,SFB,0.0,0,0.0,0
504,3,SFO,1.0,0,3.0,3
505,3,SGU,0.0,0,3.0,3
506,3,SJC,0.0,0,2.0,2
507,3,SMF,1.0,0,1.0,2
508,3,SNA,0.0,0,1.0,1
509,3,SPI,0.0,0,1.0,0
510,3,SRQ,0.0,0,3.0,0
511,3,STL,0.0,0,2.0,2
512,3,SWO,0.0,0,3.0,0
513,3,TPA,0.0,0,1.0,0
514,3,TUL,0.0,0,3.0,0
515,3,XNA,0.0,0,0.0,0
516,4,ANC,0.0,0,2.0,0
517,4,ASE,1.0,2,2.0,3
518,4,ATL,1.0,0,1.0,2
519,4,AVL,0.0,0,1.0,0
520,4,AZA,0.0,0,0.0,0
521,4,BNA,0.0,0,0.0,0
522,4,BOI,1.0,0,3.0,3
523,4,BOS,1.0,0,1.0,3
524,4,BQK,0.0,0,1.0,0
525,4,BTR,0.0,0,0.0,0
526,4,BUR,0.0,0,0.0,2
527,4,BWI,0.0,0,1.0,3
528,4,BZN,0.0,0,3.0,3
529,4,CHA,1.0,0,0.0,3
530,4,CHO,0.0,0,0.0,0
531,4,CHS,1.0,0,0.0,2
532,4,CID,0.0,0,2.0,1
533,4,CLE,0.0,0,3.0,3
534,4,CLT,1.0,0,1.0,2
535,4,CMH,1.0,0,1.0,3
536,4,CRW,0.0,0,0.0,3
537,4,CVG,0.0,0,3.0,3
538,4,DAL,0.0,0,1.0,1
539,4,DAY,0.0,0,2.0,3
540,4,DCA,0.0,0,3.0,2
541,4,DEN,0.0,0,3.0,2
542,4,DFW,0.0,0,2.0,2
543,4,DTW,0.0,0,1.0,3
544,4,DUT,0.0,0,1.0,3
545,4,EWR,1.0,1,3.0,2
546,4,FLL,0.0,0,2.0,1
547,4,FLO,0.0,0,0.0,0
548,4,GPT,0.0,0,1.0,0
549,4,GRB,0.0,0,0.0,0
550,4,GSP,0.0,0,0.0,2
551,4,HNL,0.0,0,1.0,2
552,4,HOU,0.0,0,0.0,0
553,4,HVN,0.0,0,3.0,3
554,4,IAD,0.0,0,1.0,3
555,4,IAH,0.0,0,2.0,2
556,4,ICT,0.0,0,3.0,2
557,4,IND,0.0,0,3.0,3
558,4,JFK,1.0,1,3.0,3
559,4,KOA,0.0,0,2.0,3
560,4,LAN,0.0,0,0.0,0
561,4,LAS,0.0,0,2.0,1
562,4,LAX,0.0,0,1.0,1
563,4,LGA,0.0,0,3.0,2
564,4,LGB,0.0,0,0.0,0
565,4,LIH,0.0,0,1.0,0
566,4,MAF,0.0,0,0.0,0
567,4,MCI,0.0,0,0.0,3
568,4,MCO,0.0,0,1.0,1
569,4,MDW,0.0,0,3.0,3
570,4,MEM,0.0,0,0.0,2
571,4,MFR,0.0,0,1.0,3
572,4,MHT,0.0,0,0.0,3
573,4,MIA,0.0,0,1.0,1
574,4,MKE,1.0,2,2.0,3
575,4,MQT,0.0,0,2.0,2
576,4,MSN,1.0,1,3.0,3
577,4,MSP,0.0,0,0.0,2
578,4,MSY,0.0,0,1.0,2
579,4,MYR,0.0,0,0.0,0
580,4,OAK,0.0,0,3.0,2
581,4,OGG,1.0,0,1.0,3
582,4,ORD,1.0,1,2.0,2
583,4,ORF,1.0,0,3.0,1
584,4,ORH,0.0,0,0.0,1
585,4,PBI,1.0,0,3.0,3
586,4,PDX,0.0,0,0.0,1
587,4,PGD,0.0,0,3.0,1
588,4,PHL,1.0,0,3.0,3
589,4,PHX,0.0,0,0.0,2
590,4,PIT,0.0,0,1.0,3
591,4,PNS,0.0,0,0.0,0
592,4,PSM,0.0,0,0.0,3
593,4,PSP,0.0,0,3.0,0
594,4,PVD,1.0,2,0.0,3
595,4,RDM,0.0,0,2.0,1
596,4,RDU,1.0,0,1.0,2
597,4,RNO,0.0,0,2.0,3
598,4,RSW,0.0,0,0.0,1
599,4,SAN,0.0,0,0.0,2
600,4,SAT,0.0,0,0.0,2
601,4,SAV,0.0,0,0.0,0
602,4,SDF,0.0,0,3.0,1
603,4,SEA,1.0,0,1.0,3
604,4,SFB,0.0,0,0.0,0
605,4,SFO,0.0,0,2.0,2
606,4,SJC,1.0,0,0.0,3
607,4,SLC,0.0,0,0.0,2
608,4,SMF,0.0,0,0.0,1
609,4,SNA,0.0,0,2.0,1
610,4,STS,0.0,0,0.0,2
611,4,SYR,0.0,1,3.0,3
612,4,TPA,1.0,0,3.0,1
613,4,TUL,0.0,0,2.0,0
614,4,TUS,0.0,0,0.0,0
615,4,TYS,1.0,0,3.0,3
616,4,VPS,1.0,0,0.0,3
617,4,XNA,0.0,0,3.0,0
618,5,ABQ,0.0,0,0.0,0
619,5,ANC,0.0,0,2.0,2
620,5,ATL,0.0,0,1.0,2
621,5,AUS,1.0,0,2.0,2
622,5,BDL,1.0,0,3.0,3
623,5,BHM,1.0,0,2.0,3
624,5,BNA,1.0,0,1.0,3
625,5,BOI,1.0,0,2.0,1
626,5,BOS,0.0,0,3.0,2
627,5,BRO,0.0,0,2.0,2
628,5,BTR,0.0,0,1.0,1
629,5,BUR,0.0,0,0.0,1
630,5,BWI,0.0,0,1.0,2
631,5,BZN,0.0,0,1.0,0
632,5,CAE,0.0,0,0.0,0
633,5,CHS,1.0,0,0.0,3
634,5,CLE,0.0,0,3.0,3
635,5,CLT,0.0,0,1.0,2
636,5,CMH,1.0,0,1.0,3
637,5,COS,0.0,0,3.0,1
638,5,CRP,0.0,0,3.0,1
639,5,DAL,0.0,0,0.0,2
640,5,DAY,0.0,0,1.0,3
641,5,DCA,1.0,0,1.0,3
642,5,DEN,1.0,1,3.0,2
643,5,DFW,1.0,0,2.0,2
644,5,DLH,1.0,0,0.0,1
645,5,DTW,1.0,0,2.0,3
646,5,EAT,0.0,0,1.0,0
647,5,ELP,0.0,0,0.0,0
648,5,EWR,0.0,0,3.0,3
649,5,EYW,1.0,0,3.0,1
650,5,FAR,0.0,0,3.0,0
651,5,FAT,0.0,0,0.0,0
652,5,FLL,1.0,0,0.0,3
653,5,FSD,0.0,0,0.0,2
654,5,GEG,1.0,0,1.0,3
655,5,GJT,0.0,0,0.0,0
656,5,GSP,0.0,0,1.0,0
657,5,HOU,0.0,0,3.0,1
658,5,HSV,0.0,0,1.0,2
659,5,IAD,1.0,0,0.0,3
660,5,IAH,1.0,0,1.0,2
661,5,IDA,0.0,0,3.0,0
662,5,ILM,0.0,0,0.0,1
663,5,IND,0.0,0,0.0,1
664,5,ISP,0.0,0,0.0,3
665,5,JAC,0.0,0,3.0,0
666,5,JFK,1.0,0,3.0,3
667,5,JNU,0.0,0,0.0,1
668,5,LAS,0.0,0,3.0,2
669,5,LAX,0.0,0,0.0,2
670,5,LEX,0.0,0,0.0,0
671,5,LGA,0.0,0,3.0,3
672,5,LGB,0.0,0,0.0,0
673,5,LWB,0.0,0,1.0,0
674,5,MCI,0.0,0,2.0,1
675,5,MCO,0.0,0,0.0,2
676,5,MDW,1.0,0,2.0,3
677,5,MHT,0.0,0,1.0,2
678,5,MIA,0.0,0,1.0,2
679,5,MKE,1.0,0,2.0,3
680,5,MSN,0.0,0,0.0,3
681,5,MSP,1.0,0,1.0,3
682,5,MSY,0.0,0,0.0,1
683,5,OAK,0.0,0,1.0,3
684,5,OGG,1.0,0,3.0,3
685,5,ONT,0.0,0,1.0,1
686,5,ORD,1.0,0,2.0,2
687,5,PDX,0.0,0,0.0,1
688,5,PHL,1.0,0,3.0,3
689,5,PHX,0.0,0,0.0,0
690,5,PIT,0.0,0,1.0,1
691,5,PNS,0.0,0,0.0,0
692,5,PVD,0.0,0,2.0,1
693,5,RDU,1.0,0,0.0,2
694,5,RIC,0.0,0,0.0,3
695,5,ROC,0.0,0,3.0,1
696,5,RSW,0.0,0,0.0,0
697,5,SAF,0.0,0,3.0,0
698,5,SAN,0.0,0,0.0,3
699,5,SAT,0.0,0,1.0,3
700,5,SAV,0.0,0,0.0,3
701,5,SBY,0.0,0,0.0,2
702,5,SEA,0.0,0,0.0,2
703,5,SFO,0.0,0,3.0,0
704,5,SGF,0.0,0,0.0,2
705,5,SHD,0.0,0,0.0,0
706,5,SJC,1.0,0,3.0,3
707,5,SJT,1.0,0,3.0,0
708,5,SLC,1.0,0,3.0,2
709,5,SMF,1.0,0,0.0,1
710,5,SNA,0.0,0,0.0,2
711,5,STL,1.0,0,0.0,3
712,5,TLH,0.0,0,0.0,1
713,5,TPA,0.0,0,0.0,3
714,5,TUL,0.0,0,3.0,2
715,6,ACT,0.0,0,0.0,2
716,6,ACV,0.0,0,3.0,0
717,6,AEX,0.0,0,0.0,0
718,6,AGS,0.0,0,0.0,0
719,6,ALB,0.0,0,1.0,1
720,6,ANC,0.0,0,0.0,3
721,6,ATL,1.0,0,2.0,2
722,6,ATW,0.0,0,1.0,0
723,6,AVL,1.0,0,3.0,0
724,6,AVP,0.0,0,0.0,0
725,6,BDL,0.0,0,1.0,2
726,6,BGR,1.0,0,1.0,3
727,6,BHM,0.0,0,0.0,1
728,6,BNA,0.0,0,0.0,2
729,6,BOI,0.0,0,1.0,0
730,6,BOS,0.0,0,2.0,1
731,6,BRW,1.0,0,0.0,3
732,6,BUF,1.0,0,3.0,3
733,6,BWI,0.0,0,0.0,1
734,6,CHS,0.0,0,2.0,1
735,6,CID,0.0,0,0.0,3
736,6,CLT,0.0,0,1.0,2
737,6,CMH,1.0,0,2.0,3
738,6,CMX,0.0,0,0.0,0
739,6,CRP,0.0,0,2.0,3
740,6,CVG,1.0,0,3.0,3
741,6,DAL,0.0,0,1.0,2
742,6,DCA,0.0,0,0.0,2
743,6,DEN,0.0,0,2.0,1
744,6,DFW,0.0,0,2.0,1
745,6,DLH,1.0,0,1.0,3
746,6,DTW,1.0,0,1.0,2
747,6,EWR,0.0,0,3.0,3
748,6,FAI,0.0,0,0.0,3
749,6,FAT,0.0,0,0.0,0
750,6,FLL,1.0,0,0.0,2
751,6,GCK,1.0,0,3.0,1
752,6,GGG,0.0,0,2.0,1
753,6,HOU,0.0,0,0.0,1
754,6,HPN,0.0,0,0.0,1
755,6,HTS,0.0,0,1.0,1
756,6,IAD,0.0,0,0.0,2
757,6,IAG,0.0,0,0.0,0
758,6,IAH,1.0,0,1.0,2
759,6,ICT,0.0,0,0.0,0
760,6,IND,1.0,0,2.0,2
761,6,JAX,0.0,0,0.0,1
762,6,JFK,1.0,0,3.0,2
763,6,LAS,0.0,0,1.0,1
764,6,LAX,0.0,0,0.0,2
765,6,LGA,1.0,0,3.0,3
766,6,LGB,0.0,0,0.0,0
767,6,LRD,0.0,0,3.0,0
768,6,MCI,1.0,0,3.0,2
769,6,MCO,0.0,0,2.0,1
770,6,MDW,1.0,0,2.0,3
771,6,MFE,0.0,0,1.0,1
772,6,MIA,1.0,0,0.0,1
773,6,MKE,0.0,0,3.0,0
774,6,MSN,0.0,0,0.0,2
775,6,MSO,0.0,0,0.0,3
776,6,MSP,1.0,0,1.0,2
777,6,MSY,0.0,0,0.0,3
778,6,OAK,0.0,0,1.0,2
779,6,OKC,1.0,0,3.0,2
780,6,OMA,0.0,0,3.0,2
781,6,ORD,1.0,0,2.0,2
782,6,ORF,1.0,0,2.0,1
783,6,PDX,0.0,0,1.0,1
784,6,PHF,1.0,0,0.0,3
785,6,PHL,0.0,0,0.0,3
786,6,PHX,0.0,0,1.0,0
787,6,PIE,1.0,0,0.0,1
788,6,PIT,1.0,0,2.0,3
789,6,PSP,0.0,0,2.0,0
790,6,PVD,0.0,0,2.0,1
791,6,PWM,0.0,0,2.0,1
792,6,RAP,0.0,0,2.0,2
793,6,RDM,0.0,0,1.0,0
794,6,RDU,0.0,0,0.0,2
795,6,RIC,1.0,0,1.0,1
796,6,RNO,0.0,0,0.0,0
797,6,ROA,0.0,0,1.0,3
798,6,RSW,1.0,0,0.0,0
799,6,SAN,0.0,0,0.0,3
800,6,SAT,1.0,0,3.0,2
801,6,SBP,0.0,0,1.0,3
802,6,SCE,0.0,0,0.0,0
803,6,SDF,0.0,0,0.0,1
804,6,SEA,0.0,0,0.0,3
805,6,SFO,0.0,0,3.0,2
806,6,SJC,0.0,0,1.0,1
807,6,SLC,0.0,0,1.0,0
808,6,SMF,0.0,0,0.0,0
809,6,STL,0.0,0,1.0,1
810,6,SWF,0.0,0,0.0,0
811,6,TPA,1.0,0,1.0,1
812,6,TTN,0.0,0,0.0,2
813,6,TUL,0.0,0,1.0,1
814,7,ABQ,0.0,0,3.0,3
815,7,ACK,0.0,0,0.0,0
816,7,ACT,0.0,0,0.0,0
817,7,ANC,0.0,0,0.0,0
818,7,ATL,1.0,0,1.0,2
819,7,AUS,0.0,0,1.0,1
820,7,AZA,0.0,0,1.0,0
821,7,AZO,0.0,0,2.0,0
822,7,BDL,0.0,0,0.0,2
823,7,BGR,0.0,0,0.0,1
824,7,BIS,0.0,0,0.0,0
825,7,BNA,0.0,0,0.0,1
826,7,BOI,0.0,0,1.0,0
827,7,BOS,0.0,0,0.0,2
828,7,BUF,0.0,0,1.0,3
829,7,BUR,0.0,0,0.0,0
830,7,BWI,1.0,0,2.0,2
831,7,BZN,0.0,0,3.0,0
832,7,CHO,1.0,0,0.0,2
833,7,CID,0.0,0,2.0,0
834,7,CLE,0.0,0,0.0,3
835,7,CLT,1.0,0,1.0,2
836,7,CMH,0.0,0,0.0,3
837,7,CVG,0.0,0,2.0,2
838,7,DAL,0.0,0,3.0,1
839,7,DCA,0.0,0,2.0,2
840,7,DEN,0.0,0,2.0,2
841,7,DFW,0.0,0,1.0,1
842,7,DTW,0.0,0,0.0,2
843,7,ELM,0.0,0,0.0,0
844,7,EWR,0.0,0,2.0,2
845,7,FAR,1.0,0,0.0,0
846,7,FAT,0.0,0,0.0,1
847,7,FWA,1.0,0,3.0,3
848,7,GCC,0.0,0,0.0,0
849,7,GEG,0.0,0,1.0,1
850,7,GNV,0.0,0,2.0,0
851,7,GSP,1.0,0,0.0,1
852,7,HLN,0.0,0,0.0,0
853,7,HNL,0.0,0,2.0,2
854,7,HOU,0.0,0,3.0,1
855,7,IAD,0.0,0,0.0,1
856,7,IAH,1.0,0,0.0,2
857,7,ILM,1.0,0,1.0,1
858,7,IND,0.0,0,0.0,2
859,7,JAX,1.0,0,1.0,2
860,7,JFK,1.0,0,3.0,2
861,7,KOA,0.0,0,0.0,2
862,7,LAS,0.0,0,2.0,1
863,7,LAX,0.0,0,0.0,1
864,7,LEX,0.0,0,0.0,0
865,7,LGA,0.0,0,3.0,2
866,7,LIH,0.0,0,0.0,1
867,7,MCI,0.0,0,0.0,1
868,7,MCO,1.0,0,2.0,2
869,7,MDW,0.0,0,0.0,0
870,7,MEM,1.0,0,2.0,2
871,7,MHT,0.0,0,0.0,2
872,7,MIA,0.0,0,0.0,1
873,7,MKE,0.0,0,0.0,0
874,7,MOT,0.0,0,3.0,0
875,7,MSN,0.0,0,0.0,2
876,7,MSO,0.0,0,2.0,0
877,7,MSP,1.0,0,3.0,2
878,7,MSY,1.0,0,0.0,1
879,7,MYR,0.0,0,0.0,0
880,7,OAK,0.0,0,3.0,2
881,7,OGG,0.0,0,2.0,0
882,7,OKC,0.0,0,1.0,1
883,7,ONT,0.0,0,1.0,2
884,7,ORD,0.0,0,1.0,1
885,7,ORF,0.0,0,2.0,0
886,7,PDX,0.0,0,1.0,3
887,7,PHF,0.0,0,0.0,0
888,7,PHL,0.0,0,1.0,2
889,7,PHX,0.0,0,2.0,2
890,7,PIT,0.0,0,1.0,1
891,7,PSP,0.0,0,1.0,0
892,7,RDU,1.0,0,1.0,2
893,7,RIC,1.0,0,0.0,3
894,7,RNO,0.0,0,1.0,0
895,7,RST,0.0,0,0.0,0
896,7,RSW,1.0,0,3.0,0
897,7,SAN,0.0,0,0.0,3
898,7,SAT,0.0,0,0.0,1
899,7,SAV,0.0,0,0.0,1
900,7,SBN,0.0,0,0.0,1
901,7,SDF,0.0,0,2.0,2
902,7,SEA,0.0,0,0.0,1
903,7,SFO,0.0,0,0.0,0
904,7,SHV,0.0,0,2.0,2
905,7,SJC,0.0,0,0.0,0
906,7,SLC,0.0,0,2.0,1
907,7,SNA,0.0,0,0.0,2
908,7,STL,1.0,0,2.0,1
909,7,STS,0.0,0,0.0,1
910,7,SYR,0.0,0,2.0,3
911,7,TPA,1.0,0,2.0,2
912,7,TYS,0.0,0,3.0,2
913,7,USA,0.0,0,0.0,0
914,7,XNA,1.0,0,3.0,0
915,8,ACY,1.0,0,3.0,0
916,8,AEX,1.0,0,3.0,0
917,8,ANC,0.0,0,0.0,0
918,8,ATL,1.0,0,1.0,2
919,8,AUS,0.0,0,1.0,1
920,8,BDL,0.0,0,0.0,2
921,8,BFL,0.0,0,0.0,0
922,8,BGR,0.0,0,0.0,0
923,8,BHM,1.0,0,0.0,2
924,8,BIS,0.0,0,1.0,0
925,8,BNA,0.0,0,0.0,1
926,8,BOI,0.0,0,0.0,0
927,8,BOS,0.0,0,1.0,1
928,8,BUF,1.0,0,3.0,3
929,8,BUR,0.0,0,0.0,1
930,8,BWI,1.0,0,2.0,2
931,8,CHO,0.0,0,0.0,0
932,8,CLE,0.0,0,0.0,3
933,8,CLT,1.0,0,2.0,2
934,8,CMH,0.0,0,0.0,2
935,8,COS,0.0,0,3.0,1
936,8,COU,1.0,0,1.0,3
937,8,CRP,0.0,0,0.0,0
938,8,CVG,0.0,0,3.0,3
939,8,DAY,1.0,0,0.0,2
940,8,DCA,0.0,0,2.0,2
941,8,DEN,0.0,0,3.0,1
942,8,DFW,0.0,0,1.0,1
943,8,DSM,1.0,0,3.0,3
944,8,DTW,0.0,0,1.0,3
945,8,ECP,0.0,0,3.0,2
946,8,EGE,0.0,0,3.0,2
947,8,EUG,0.0,0,0.0,3
948,8,EWR,0.0,0,1.0,2
949,8,FAR,1.0,0,3.0,3
950,8,FCA,0.0,0,0.0,0
951,8,FLL,1.0,0,2.0,1
952,8,FSD,0.0,0,1.0,3
953,8,GEG,0.0,0,1.0,3
954,8,GJT,0.0,0,3.0,0
955,8,GSP,0.0,0,2.0,0
956,8,HNL,0.0,0,1.0,1
957,8,HSV,0.0,0,0.0,1
958,8,IAD,0.0,0,0.0,1
959,8,IAH,0.0,0,1.0,2
960,8,ILM,0.0,0,0.0,2
961,8,IND,1.0,0,0.0,2
962,8,JAC,0.0,0,3.0,0
963,8,JAN,0.0,0,1.0,1
964,8,JAX,0.0,0,2.0,3
965,8,JFK,1.0,0,3.0,2
966,8,LAS,0.0,0,2.0,1
967,8,LAX,0.0,0,0.0,1
968,8,LBB,0.0,0,2.0,3
969,8,LEX,0.0,0,0.0,0
970,8,LGA,1.0,0,2.0,3
971,8,LIT,0.0,0,0.0,2
972,8,LNK,0.0,0,2.0,2
973,8,LWB,0.0,0,0.0,0
974,8,MCO,1.0,0,2.0,2
975,8,MDW,1.0,0,1.0,3
976,8,MEM,0.0,0,2.0,2
977,8,MFE,0.0,0,1.0,0
978,8,MKE,1.0,0,2.0,3
979,8,MSP,1.0,0,3.0,2
980,8,MSY,1.0,0,0.0,2
981,8,MYR,0.0,0,0.0,0
982,8,OAK,0.0,0,2.0,1
983,8,OGG,0.0,0,2.0,2
984,8,OKC,1.0,0,1.0,2
985,8,OMA,0.0,0,2.0,3
986,8,ONT,0.0,0,1.0,2
987,8,ORD,1.0,0,1.0,2
988,8,PBI,0.0,0,1.0,2
989,8,PDX,0.0,0,0.0,2
990,8,PHL,0.0,0,0.0,0
991,8,PHX,0.0,0,0.0,1
992,8,PIT,0.0,0,1.0,2
993,8,PSP,0.0,0,0.0,0
994,8,PVD,0.0,0,1.0,1
995,8,RDU,1.0,0,1.0,2
996,8,RNO,0.0,0,2.0,1
997,8,RSW,0.0,0,2.0,0
998,8,SAN,0.0,0,0.0,1
999,8,SAT,0.0,0,1.0,2
1000,8,SAV,0.0,0,0.0,1
1001,8,SCK,0.0,0,0.0,0
1002,8,SDF,0.0,0,1.0,0
1003,8,SEA,0.0,0,0.0,2
1004,8,SFO,0.0,0,2.0,1
1005,8,SJC,0.0,0,0.0,2
1006,8,SJT,0.0,0,1.0,0
1007,8,SLC,0.0,0,2.0,1
1008,8,SMF,0.0,0,0.0,0
1009,8,STL,0.0,0,1.0,1
1010,8,SYR,0.0,0,0.0,3
1011,8,TOL,0.0,0,0.0,1
1012,8,TPA,1.0,0,1.0,2
1013,8,TUS,0.0,0,0.0,0
1014,8,XNA,0.0,0,0.0,0
1015,9,ABQ,0.0,0,2.0,1
1016,9,AMA,1.0,0,3.0,3
1017,9,ANC,1.0,0,0.0,2
1018,9,ATL,0.0,0,1.0,1
1019,9,AUS,0.0,0,0.0,1
1020,9,AVL,0.0,0,0.0,2
1021,9,BDL,0.0,0,0.0,3
1022,9,BHM,0.0,0,0.0,1
1023,9,BIS,0.0,0,0.0,0
1024,9,BNA,1.0,0,0.0,2
1025,9,BOI,0.0,0,0.0,0
1026,9,BOS,0.0,0,0.0,2
1027,9,BUF,0.0,0,1.0,2
1028,9,BUR,0.0,0,0.0,0
1029,9,BWI,0.0,0,0.0,2
1030,9,CAE,0.0,0,0.0,2
1031,9,CAK,0.0,0,1.0,1
1032,9,CHO,0.0,0,0.0,0
1033,9,CID,1.0,0,0.0,0
1034,9,CLE,0.0,0,0.0,3
1035,9,CLT,1.0,0,1.0,2
1036,9,CVG,0.0,0,0.0,2
1037,9,DAL,0.0,0,2.0,0
1038,9,DAY,0.0,0,0.0,1
1039,9,DCA,0.0,0,0.0,2
1040,9,DEN,0.0,0,0.0,1
1041,9,DFW,1.0,0,1.0,2
1042,9,DHN,0.0,0,0.0,0
1043,9,DLH,1.0,0,3.0,2
1044,9,DTW,0.0,0,2.0,3
1045,9,ELP,0.0,0,0.0,1
1046,9,EVV,0.0,0,0.0,0
1047,9,EWR,0.0,0,3.0,1
1048,9,FLL,0.0,0,1.0,2
1049,9,GEG,0.0,0,0.0,1
1050,9,GFK,0.0,0,0.0,1
1051,9,GRB,0.0,0,1.0,1
1052,9,GRR,0.0,0,3.0,3
1053,9,GSP,0.0,0,0.0,0
1054,9,HNL,1.0,0,0.0,2
1055,9,HOU,0.0,0,2.0,1
1056,9,IAD,1.0,0,0.0,2
1057,9,IAH,1.0,0,1.0,3
1058,9,ILM,0.0,0,0.0,0
1059,9,IND,0.0,0,0.0,0
1060,9,JAX,1.0,0,3.0,2
1061,9,JFK,0.0,0,3.0,2
1062,9,LAS,0.0,0,2.0,0
1063,9,LAX,0.0,0,0.0,1
1064,9,LBB,0.0,0,0.0,1
1065,9,LGA,0.0,0,3.0,3
1066,9,LIH,0.0,0,1.0,1
1067,9,MCI,0.0,0,0.0,1
1068,9,MCO,0.0,0,1.0,1
1069,9,MDT,0.0,0,0.0,2
1070,9,MDW,1.0,0,2.0,3
1071,9,MFR,0.0,0,0.0,0
1072,9,MKE,1.0,0,2.0,3
1073,9,MSN,0.0,0,0.0,1
1074,9,MSP,1.0,0,1.0,2
1075,9,MSY,0.0,0,0.0,0
1076,9,MYR,0.0,0,0.0,0
1077,9,OAJ,0.0,0,0.0,0
1078,9,OAK,0.0,0,3.0,1
1079,9,OGG,0.0,0,3.0,1
1080,9,OKC,0.0,0,2.0,2
1081,9,ORD,1.0,0,2.0,2
1082,9,ORF,0.0,0,2.0,2
1083,9,PDX,0.0,0,0.0,0
1084,9,PHX,0.0,0,0.0,0
1085,9,PIT,0.0,0,0.0,1
1086,9,PSC,0.0,0,0.0,0
1087,9,PSP,0.0,0,0.0,0
1088,9,PVD,0.0,0,0.0,1
1089,9,PWM,1.0,0,2.0,3
1090,9,RDU,1.0,0,1.0,2
1091,9,ROC,1.0,0,3.0,2
1092,9,RSW,0.0,0,2.0,0
1093,9,SAN,0.0,0,0.0,1
1094,9,SBP,0.0,0,0.0,0
1095,9,SCE,0.0,0,0.0,0
1096,9,SDF,0.0,0,1.0,0
1097,9,SEA,0.0,0,0.0,2
1098,9,SFO,0.0,0,2.0,0
1099,9,SHV,0.0,0,0.0,0
1100,9,SJC,0.0,0,0.0,0
1101,9,SLC,0.0,0,1.0,0
1102,9,SMF,0.0,0,0.0,0
1103,9,SNA,0.0,0,0.0,0
1104,9,STL,0.0,0,1.0,1
1105,9,TPA,1.0,0,1.0,2
1106,9,TUS,0.0,0,3.0,0
1107,9,TYS,0.0,0,0.0,1
1108,9,XNA,1.0,0,2.0,0
1109,10,ABQ,0.0,0,2.0,2
1110,10,ATL,1.0,0,1.0,2
1111,10,AUS,1.0,0,0.0,1
1112,10,AZA,0.0,0,0.0,0
1113,10,BDL,0.0,0,0.0,3
1114,10,BFL,0.0,0,0.0,0
1115,10,BIS,0.0,0,2.0,3
1116,10,BMI,0.0,0,0.0,2
1117,10,BNA,1.0,0,3.0,3
1118,10,BOI,0.0,0,0.0,3
1119,10,BOS,1.0,0,2.0,2
1120,10,BRO,0.0,0,0.0,3
1121,10,BWI,0.0,0,0.0,2
1122,10,BZN,0.0,0,2.0,1
1123,10,CHO,0.0,0,0.0,0
1124,10,CHS,1.0,0,0.0,2
1125,10,CLE,0.0,0,3.0,3
1126,10,CLT,1.0,0,1.0,2
1127,10,CMH,0.0,0,2.0,3
1128,10,CVG,0.0,0,0.0,1
1129,10,DAL,0.0,0,1.0,3
1130,10,DCA,0.0,0,0.0,1
1131,10,DEN,0.0,1,3.0,1
1132,10,DFW,1.0,0,2.0,2
1133,10,DTW,1.0,0,0.0,3
1134,10,ERI,0.0,0,2.0,3
1135,10,EWR,0.0,0,3.0,1
1136,10,EYW,0.0,0,0.0,0
1137,10,FCA,0.0,0,3.0,2
1138,10,FLL,0.0,0,1.0,1
1139,10,GCK,0.0,0,0.0,0
1140,10,GEG,1.0,2,3.0,2
1141,10,GSO,0.0,0,0.0,3
1142,10,GSP,0.0,0,0.0,1
1143,10,HNL,1.0,0,3.0,3
1144,10,HOU,0.0,0,2.0,1
1145,10,IAD,0.0,0,0.0,0
1146,10,IAH,1.0,0,1.0,2
1147,10,IND,0.0,0,0.0,3
1148,10,JAN,1.0,0,0.0,3
1149,10,JAX,0.0,0,1.0,3
1150,10,JFK,1.0,0,3.0,2
1151,10,JMS,0.0,0,2.0,2
1152,10,KOA,0.0,0,0.0,0
1153,10,LAS,0.0,0,3.0,0
1154,10,LAX,0.0,0,0.0,1
1155,10,LBB,1.0,0,3.0,1
1156,10,LBF,0.0,0,3.0,1
1157,10,LEX,1.0,0,3.0,3
1158,10,LGA,1.0,0,3.0,3
1159,10,MCI,1.0,1,3.0,3
1160,10,MCO,0.0,0,1.0,1
1161,10,MDW,1.0,0,3.0,3
1162,10,MFR,0.0,0,0.0,0
1163,10,MIA,0.0,0,1.0,1
1164,10,MKE,0.0,0,0.0,1
1165,10,MLI,0.0,0,0.0,1
1166,10,MSN,1.0,2,0.0,2
1167,10,MSP,1.0,0,2.0,2
1168,10,OAK,0.0,0,0.0,0
1169,10,OKC,1.0,0,3.0,3
1170,10,OMA,0.0,0,0.0,0
1171,10,ONT,0.0,0,0.0,0
1172,10,ORD,1.0,1,2.0,2
1173,10,PBI,0.0,0,1.0,2
1174,10,PDX,1.0,0,0.0,2
1175,10,PHL,0.0,0,1.0,1
1176,10,PHX,1.0,0,1.0,2
1177,10,PIT,1.0,0,2.0,3
1178,10,RAP,1.0,0,3.0,2
1179,10,RDM,0.0,0,0.0,0
1180,10,RDU,1.0,0,0.0,2
1181,10,RIC,0.0,0,0.0,3
1182,10,RNO,0.0,0,1.0,0
1183,10,SAV,0.0,0,0.0,0
1184,10,SEA,1.0,0,1.0,2
1185,10,SFO,0.0,0,0.0,1
1186,10,SJC,0.0,0,0.0,1
1187,10,SLC,0.0,1,2.0,2
1188,10,SMF,0.0,0,3.0,0
1189,10,SNA,0.0,0,0.0,2
1190,10,SPI,0.0,0,0.0,1
1191,10,STL,1.0,0,1.0,2
1192,10,SUN,0.0,0,0.0,0
1193,10,SWF,0.0,0,0.0,1
1194,10,TPA,1.0,0,1.0,1
1195,10,TTN,0.0,0,0.0,2
1196,10,VPS,0.0,0,1.0,0
1197,11,ALB,1.0,1,1.0,3
1198,11,ATL,1.0,0,1.0,2
1199,11,ATW,0.0,0,1.0,3
1200,11,AUS,0.0,0,1.0,1
1201,11,AZA,0.0,0,0.0,0
1202,11,BDL,0.0,0,0.0,3
1203,11,BHM,1.0,0,0.0,3
1204,11,BIS,0.0,0,0.0,3
1205,11,BNA,1.0,0,2.0,0
1206,11,BOS,1.0,0,3.0,2
1207,11,BQK,1.0,0,0.0,3
1208,11,BUF,1.0,1,2.0,3
1209,11,BUR,0.0,0,0.0,0
1210,11,BWI,1.0,0,0.0,2
1211,11,CHA,0.0,0,1.0,2
1212,11,CHS,0.0,0,0.0,1
1213,11,CID,0.0,0,0.0,0
1214,11,CLT,1.0,0,1.0,2
1215,11,CMH,0.0,0,1.0,3
1216,11,DAB,1.0,0,2.0,3
1217,11,DAL,0.0,0,1.0,3
1218,11,DCA,1.0,0,3.0,2
1219,11,DEN,0.0,1,3.0,1
1220,11,DFW,0.0,0,2.0,2
1221,11,DTW,0.0,0,0.0,3
1222,11,ELP,0.0,0,0.0,0
1223,11,EUG,0.0,0,0.0,1
1224,11,EWR,0.0,2,3.0,3
1225,11,FWA,1.0,0,3.0,3
1226,11,GRK,0.0,0,0.0,0
1227,11,GRR,0.0,0,1.0,3
1228,11,GSO,0.0,0,0.0,1
1229,11,HOU,0.0,0,3.0,3
1230,11,HSV,1.0,0,0.0,3
1231,11,IAD,0.0,1,1.0,2
1232,11,IAH,0.0,0,1.0,3
1233,11,ICT,0.0,0,0.0,1
1234,11,IND,0.0,0,3.0,3
1235,11,ITO,0.0,0,0.0,0
1236,11,JAX,0.0,0,1.0,2
1237,11,JFK,1.0,1,3.0,2
1238,11,KOA,0.0,0,0.0,0
1239,11,LAS,0.0,0,3.0,1
1240,11,LAX,0.0,0,2.0,1
1241,11,LGA,0.0,0,3.0,3
1242,11,MAF,0.0,0,2.0,2
1243,11,MCO,1.0,0,0.0,0
1244,11,MDW,0.0,0,3.0,3
1245,11,MIA,0.0,0,1.0,2
1246,11,MKE,0.0,1,2.0,3
1247,11,MSP,0.0,0,1.0,1
1248,11,MSY,1.0,0,3.0,3
1249,11,OAJ,1.0,0,1.0,2
1250,11,OAK,0.0,0,0.0,2
1251,11,OGG,0.0,0,0.0,0
1252,11,OKC,0.0,0,1.0,0
1253,11,OMA,0.0,0,3.0,3
1254,11,ORD,0.0,1,2.0,3
1255,11,ORF,0.0,0,0.0,0
1256,11,PHL,1.0,0,2.0,1
1257,11,PHX,0.0,0,1.0,1
1258,11,PIE,0.0,0,0.0,1
1259,11,PIT,0.0,1,3.0,3
1260,11,PNS,1.0,0,0.0,0
1261,11,PSC,1.0,0,1.0,1
1262,11,PSP,0.0,0,0.0,0
1263,11,PVD,1.0,0,3.0,3
1264,11,RDM,0.0,0,0.0,0
1265,11,RDU,1.0,0,1.0,2
1266,11,RIC,0.0,0,0.0,0
1267,11,RNO,0.0,0,0.0,2
1268,11,ROA,0.0,0,0.0,1
1269,11,RSW,0.0,0,0.0,1
1270,11,SAN,0.0,0,1.0,1
1271,11,SAV,0.0,0,1.0,3
1272,11,SBA,0.0,0,0.0,0
1273,11,SCC,0.0,1,3.0,3
1274,11,SCK,0.0,0,0.0,0
1275,11,SDF,0.0,0,0.0,3
1276,11,SEA,0.0,0,1.0,3
1277,11,SFB,0.0,0,0.0,2
1278,11,SFO,0.0,0,3.0,3
1279,11,SJC,0.0,0,0.0,0
1280,11,SLC,0.0,1,0.0,1
1281,11,SMF,0.0,0,0.0,0
1282,11,SNA,0.0,0,0.0,0
1283,11,TLH,0.0,0,0.0,1
1284,11,TPA,0.0,0,3.0,3
1285,11,TUL,1.0,0,3.0,1
1286,11,TUS,1.0,0,0.0,0
1287,11,TYS,0.0,0,0.0,3
1288,12,ABQ,0.0,0,2.0,1
1289,12,ACT,0.0,0,0.0,0
1290,12,ALB,0.0,0,0.0,1
1291,12,ANC,0.0,0,0.0,1
1292,12,ATL,1.0,0,2.0,3
1293,12,AUS,0.0,0,1.0,1
1294,12,AZA,0.0,0,1.0,0
1295,12,BDL,1.0,0,0.0,3
1296,12,BNA,1.0,0,3.0,2
1297,12,BOI,0.0,0,2.0,1
1298,12,BOS,1.0,0,3.0,2
1299,12,BRO,0.0,0,0.0,0
1300,12,BTR,0.0,0,0.0,3
1301,12,BTV,0.0,0,1.0,1
1302,12,BUR,0.0,0,0.0,0
1303,12,BWI,0.0,0,0.0,2
1304,12,CAK,0.0,0,0.0,2
1305,12,CHA,0.0,0,1.0,2
1306,12,CHS,0.0,0,2.0,0
1307,12,CKB,0.0,0,2.0,3
1308,12,CLE,1.0,1,2.0,3
1309,12,CLT,1.0,1,1.0,2
1310,12,CMH,0.0,0,3.0,1
1311,12,CVG,0.0,0,0.0,3
1312,12,DAL,1.0,0,3.0,2
1313,12,DAY,0.0,1,1.0,3
1314,12,DCA,0.0,0,0.0,3
1315,12,DEN,0.0,1,3.0,1
1316,12,DFW,0.0,0,2.0,2
1317,12,DSM,0.0,0,0.0,3
1318,12,DTW,1.0,0,2.0,2
1319,12,EUG,0.0,0,0.0,3
1320,12,EWR,0.0,0,3.0,2
1321,12,EYW,0.0,0,2.0,2
1322,12,FAR,0.0,0,3.0,1
1323,12,FAT,0.0,0,0.0,0
1324,12,FLL,1.0,0,3.0,1
1325,12,FSD,0.0,1,0.0,2
1326,12,GEG,0.0,0,3.0,3
1327,12,GSO,0.0,0,0.0,0
1328,12,HNL,1.0,0,1.0,3
1329,12,HOU,0.0,0,0.0,2
1330,12,HPN,1.0,0,3.0,2
1331,12,HSV,1.0,0,1.0,3
1332,12,IAD,1.0,0,0.0,3
1333,12,IAH,1.0,0,2.0,2
1334,12,ICT,0.0,0,0.0,0
1335,12,IND,0.0,0,3.0,0
1336,12,JAN,1.0,0,2.0,2
1337,12,JAX,0.0,0,0.0,3
1338,12,JFK,1.0,1,3.0,3
1339,12,JNU,0.0,1,0.0,3
1340,12,KOA,0.0,0,0.0,1
1341,12,LAS,0.0,0,1.0,1
1342,12,LAX,0.0,0,1.0,1
1343,12,LBB,0.0,0,0.0,3
1344,12,LGA,0.0,0,3.0,2
1345,12,LGB,0.0,0,0.0,0
1346,12,LIH,0.0,0,0.0,1
1347,12,MCO,0.0,0,1.0,1
1348,12,MDW,0.0,0,3.0,3
1349,12,MFR,1.0,0,3.0,3
1350,12,MOB,0.0,0,0.0,3
1351,12,MSN,0.0,1,1.0,3
1352,12,MSO,0.0,0,0.0,1
1353,12,MSP,0.0,1,1.0,3
1354,12,OAK,1.0,0,3.0,3
1355,12,OGG,0.0,0,3.0,0
1356,12,OMA,0.0,1,1.0,2
1357,12,ORD,0.0,1,2.0,3
1358,12,ORF,1.0,0,0.0,2
1359,12,PBI,0.0,0,2.0,3
1360,12,PDX,1.0,0,2.0,3
1361,12,PHL,1.0,0,2.0,3
1362,12,PHX,0.0,0,0.0,0
1363,12,PIE,0.0,0,1.0,3
1364,12,PIT,1.0,0,2.0,3
1365,12,PNS,0.0,0,0.0,0
1366,12,RAP,1.0,2,3.0,3
1367,12,RDD,0.0,0,0.0,1
1368,12,RDM,0.0,0,0.0,3
1369,12,RDU,1.0,1,0.0,2
1370,12,RIC,1.0,0,0.0,3
1371,12,RSW,0.0,0,3.0,2
1372,12,SAN,0.0,0,1.0,3
1373,12,SAT,0.0,0,0.0,3
1374,12,SAV,1.0,0,2.0,3
1375,12,SEA,1.0,0,2.0,3
1376,12,SFO,1.0,0,2.0,1
1377,12,SHD,0.0,0,2.0,1
1378,12,SJC,0.0,0,1.0,2
1379,12,SLC,0.0,1,0.0,3
1380,12,SMF,1.0,0,0.0,1
1381,12,SNA,0.0,0,0.0,0
1382,12,TPA,0.0,0,3.0,2
1383,12,TUS,0.0,0,1.0,0
1384,12,XNA,0.0,0,2.0,0
1385,12,YKM,0.0,0,0.0,3
