,airport,date,windspeed,weather
0,ATL,2018-01-01,27.6,Sunny
1,ATL,2018-01-02,16.5,Sunny
2,ATL,2018-01-03,22.3,Sunny
3,DFW,2018-01-01,27.7,Sunny
4,DFW,2018-01-02,20.5,Cloudy
5,DFW,2018-01-03,22.3,Sunny
6,DFW,2018-01-04,9.3,Sunny
7,DFW,2018-01-05,22.3,Sunny
8,DFW,2018-01-06,27.7,Sunny
9,DFW,2018-01-07,31.6,Rain
10,DFW,2018-01-08,25.9,Sunny
11,DFW,2018-01-09,25.9,Sunny
12,DFW,2018-01-10,33.4,Cloudy
13,DFW,2018-01-11,51.8,Sunny
14,DFW,2018-01-12,49.9,Sunny
15,DFW,2018-01-13,24.1,Sunny
16,DFW,2018-01-14,24.1,Sunny
17,DFW,2018-01-15,50.0,Sunny
18,DFW,2018-01-16,42.4,Sunny
19,DFW,2018-01-17,12.9,Sunny
20,DFW,2018-01-18,24.1,Sunny
21,DFW,2018-01-19,37.0,Cloudy
22,DFW,2018-01-20,37.0,Rain
23,DFW,2018-01-21,42.4,Rain
24,DFW,2018-01-22,44.6,Sunny
25,DFW,2018-01-23,20.5,Sunny
26,DFW,2018-01-24,14.7,Sunny
27,DFW,2018-01-25,29.5,Sunny
28,DFW,2018-01-26,29.5,Rain
29,DFW,2018-01-27,29.5,Rain
30,DFW,2018-01-28,20.5,Sunny
31,DFW,2018-01-29,29.4,Sunny
32,DFW,2018-01-30,37.0,Sunny
33,DFW,2018-01-31,46.3,Sunny
34,DFW,2018-02-01,38.8,Sunny
35,DFW,2018-02-02,31.7,Sunny
36,DFW,2018-02-03,44.5,Cloudy
37,DFW,2018-02-04,44.6,Sunny
38,DFW,2018-02-05,29.5,Sunny
39,DFW,2018-02-06,27.7,Rain
40,DFW,2018-02-07,29.5,Sunny
41,DFW,2018-02-08,14.8,Sunny
42,DFW,2018-02-09,40.6,Cloudy
43,DFW,2018-02-10,31.6,Cloudy
44,DFW,2018-02-11,32.3,Cloudy
45,DFW,2018-02-12,16.6,Sunny
46,DFW,2018-02-13,24.1,Cloudy
47,DFW,2018-02-14,33.5,Rain
48,DFW,2018-02-15,44.5,Cloudy
49,DFW,2018-02-16,42.4,Cloudy
50,DFW,2018-02-17,31.6,Rain
51,DFW,2018-02-18,37.1,Rain
52,DFW,2018-02-19,48.1,Cloudy
53,DFW,2018-02-20,42.3,Rain
54,DFW,2018-02-21,38.7,Rain
55,DFW,2018-02-22,27.7,Rain
56,DFW,2018-02-23,16.5,Rain
57,DFW,2018-02-24,33.4,Rain
58,DFW,2018-02-25,22.3,Sunny
59,DFW,2018-02-26,16.6,Sunny
60,DFW,2018-02-27,18.3,Rain
61,DFW,2018-02-28,31.6,Rain
62,DFW,2018-03-01,33.5,Rain
63,DFW,2018-03-02,22.3,Sunny
64,DFW,2018-03-03,27.7,Sunny
65,DFW,2018-03-04,27.7,Rain
66,DFW,2018-03-05,42.4,Cloudy
67,DFW,2018-03-06,40.6,Sunny
68,DFW,2018-03-07,22.3,Sunny
69,DFW,2018-03-08,25.9,Cloudy
70,DFW,2018-03-09,42.4,Cloudy
71,DFW,2018-03-10,27.7,Cloudy
72,DFW,2018-03-11,42.5,Cloudy
73,DFW,2018-03-12,27.7,Sunny
74,DFW,2018-03-13,25.9,Sunny
75,DFW,2018-03-14,16.5,Sunny
76,DFW,2018-03-15,46.4,Sunny
77,DFW,2018-03-16,40.6,Rain
78,DFW,2018-03-17,20.4,Rain
79,DFW,2018-03-18,20.5,Rain
80,DFW,2018-03-19,44.6,Sunny
81,DFW,2018-03-20,33.4,Sunny
82,DFW,2018-03-21,18.3,Sunny
83,DFW,2018-03-22,42.4,Sunny
84,DFW,2018-03-23,42.4,Cloudy
85,DFW,2018-03-24,40.6,Cloudy
86,DFW,2018-03-25,33.4,Cloudy
87,DFW,2018-03-26,46.3,Cloudy
88,DFW,2018-03-27,25.9,Rain
89,DFW,2018-03-28,25.9,Rain
90,DFW,2018-03-29,29.5,Sunny
91,DFW,2018-03-30,20.5,Sunny
92,DFW,2018-03-31,40.6,Sunny
93,DFW,2018-04-01,35.2,Cloudy
94,DFW,2018-04-02,20.5,Cloudy
95,DFW,2018-04-03,48.2,Rain
96,DFW,2018-04-04,37.0,Sunny
97,DFW,2018-04-05,35.3,Sunny
98,DFW,2018-04-06,53.6,Rain
99,DFW,2018-04-07,42.4,Cloudy
100,DFW,2018-04-08,18.4,Sunny
101,DFW,2018-04-09,24.1,Sunny
102,DFW,2018-04-10,22.3,Sunny
103,DFW,2018-04-11,42.4,Sunny
104,DFW,2018-04-12,50.0,Sunny
105,DFW,2018-04-13,51.8,Rain
106,DFW,2018-04-14,46.4,Sunny
107,DFW,2018-04-15,37.0,Sunny
108,DFW,2018-04-16,37.1,Sunny
109,DFW,2018-04-17,42.4,Sunny
110,DFW,2018-04-18,40.6,Sunny
111,DFW,2018-04-19,29.5,Sunny
112,DFW,2018-04-20,33.4,Sunny
113,DFW,2018-04-21,31.7,Rain
114,DFW,2018-04-22,33.5,Rain
115,DFW,2018-04-23,25.9,Sunny
116,DFW,2018-04-24,13.0,Sunny
117,DFW,2018-04-25,38.8,Rain
118,DFW,2018-04-26,14.7,Sunny
119,DFW,2018-04-27,20.5,Sunny
120,DFW,2018-04-28,16.5,Sunny
121,DFW,2018-04-29,29.5,Sunny
122,DFW,2018-04-30,35.3,Sunny
123,DFW,2018-05-01,38.8,Cloudy
124,DFW,2018-05-02,40.6,Rain
125,DFW,2018-05-03,40.7,Rain
126,DFW,2018-05-04,24.1,Rain
127,DFW,2018-05-05,25.9,Sunny
128,DFW,2018-05-06,14.7,Sunny
129,DFW,2018-05-07,22.3,Sunny
130,DFW,2018-05-08,37.0,Sunny
131,DFW,2018-05-09,35.2,Sunny
132,DFW,2018-05-10,35.3,Sunny
133,DFW,2018-05-11,44.6,Sunny
134,DFW,2018-05-12,37.0,Sunny
135,DFW,2018-05-13,31.6,Sunny
136,DFW,2018-05-14,31.6,Cloudy
137,DFW,2018-05-15,25.8,Cloudy
138,DFW,2018-05-16,20.5,Sunny
139,DFW,2018-05-17,18.4,Sunny
140,DFW,2018-05-18,31.7,Rain
141,DFW,2018-05-19,37.0,Sunny
142,DFW,2018-05-20,31.6,Rain
143,DFW,2018-05-21,16.5,Cloudy
144,DFW,2018-05-22,22.3,Sunny
145,DFW,2018-05-23,22.3,Sunny
146,DFW,2018-05-24,18.3,Sunny
147,DFW,2018-05-25,29.5,Sunny
148,DFW,2018-05-26,22.3,Rain
149,DFW,2018-05-27,18.4,Sunny
150,DFW,2018-05-28,18.3,Sunny
151,DFW,2018-05-29,24.1,Sunny
152,DFW,2018-05-30,33.4,Sunny
153,DFW,2018-05-31,38.8,Sunny
154,DFW,2018-06-01,35.2,Sunny
155,DFW,2018-06-02,27.7,Sunny
156,DFW,2018-06-03,31.6,Sunny
157,DFW,2018-06-04,22.3,Rain
158,DFW,2018-06-05,24.1,Rain
159,DFW,2018-06-06,53.0,Rain
160,DFW,2018-06-07,40.3,Rain
161,DFW,2018-06-08,33.4,Sunny
162,DFW,2018-06-09,25.9,Sunny
163,DFW,2018-06-10,31.6,Sunny
164,DFW,2018-06-11,35.2,Sunny
165,DFW,2018-06-12,29.5,Sunny
166,DFW,2018-06-13,27.7,Cloudy
167,DFW,2018-06-14,27.7,Sunny
168,DFW,2018-06-15,29.5,Sunny
169,DFW,2018-06-16,31.7,Sunny
170,DFW,2018-06-17,33.4,Sunny
171,DFW,2018-06-18,35.3,Rain
172,DFW,2018-06-19,27.7,Rain
173,DFW,2018-06-20,27.7,Rain
174,DFW,2018-06-21,20.5,Sunny
175,DFW,2018-06-22,24.1,Sunny
176,DFW,2018-06-23,31.7,Rain
177,DFW,2018-06-24,57.5,Sunny
178,DFW,2018-06-25,49.9,Rain
179,DFW,2018-06-26,35.2,Sunny
180,DFW,2018-06-27,35.2,Sunny
181,DFW,2018-06-28,31.6,Sunny
182,DFW,2018-06-29,37.0,Sunny
183,DFW,2018-06-30,35.2,Sunny
184,DFW,2018-07-01,33.4,Sunny
185,DFW,2018-07-02,27.7,Sunny
186,DFW,2018-07-03,35.3,Sunny
187,DFW,2018-07-04,31.6,Sunny
188,DFW,2018-07-05,24.1,Sunny
189,DFW,2018-07-06,37.0,Rain
190,DFW,2018-07-07,27.7,Sunny
191,DFW,2018-07-08,24.1,Sunny
192,DFW,2018-07-09,29.5,Rain
193,DFW,2018-07-10,24.1,Rain
194,DFW,2018-07-11,24.1,Cloudy
195,DFW,2018-07-12,31.6,Rain
196,DFW,2018-07-13,27.7,Sunny
197,DFW,2018-07-14,24.1,Sunny
198,DFW,2018-07-15,25.9,Sunny
199,DFW,2018-07-16,24.1,Sunny
200,DFW,2018-07-17,20.5,Sunny
201,DFW,2018-07-18,25.9,Sunny
202,DFW,2018-07-19,29.5,Sunny
203,DFW,2018-07-20,33.4,Cloudy
204,DFW,2018-07-21,35.2,Cloudy
205,DFW,2018-07-22,29.4,Sunny
206,DFW,2018-07-23,31.6,Cloudy
207,DFW,2018-07-24,22.3,Sunny
208,DFW,2018-07-25,16.5,Sunny
209,DFW,2018-07-26,20.5,Cloudy
210,DFW,2018-07-27,18.3,Cloudy
211,DFW,2018-07-28,22.3,Sunny
212,DFW,2018-07-29,25.9,Sunny
213,DFW,2018-07-30,53.6,Rain
214,DFW,2018-07-31,27.7,Rain
215,DFW,2018-08-01,18.3,Sunny
216,DFW,2018-08-02,16.6,Sunny
217,DFW,2018-08-03,22.3,Sunny
218,DFW,2018-08-04,33.4,Sunny
219,DFW,2018-08-05,33.4,Sunny
220,DFW,2018-08-06,24.1,Sunny
221,DFW,2018-08-07,31.6,Sunny
222,DFW,2018-08-08,31.6,Cloudy
223,DFW,2018-08-09,25.8,Rain
224,DFW,2018-08-10,24.1,Rain
225,DFW,2018-08-11,25.9,Rain
226,DFW,2018-08-12,31.6,Rain
227,DFW,2018-08-13,31.8,Rain
228,DFW,2018-08-14,25.9,Rain
229,DFW,2018-08-15,29.5,Sunny
230,DFW,2018-08-16,25.9,Sunny
231,DFW,2018-08-17,25.9,Sunny
232,DFW,2018-08-18,27.7,Rain
233,DFW,2018-08-19,20.4,Rain
234,DFW,2018-08-20,27.7,Sunny
235,DFW,2018-08-21,18.2,Sunny
236,DFW,2018-08-22,14.8,Sunny
237,DFW,2018-08-23,24.1,Sunny
238,DFW,2018-08-24,29.5,Sunny
239,DFW,2018-08-25,27.7,Sunny
240,DFW,2018-08-26,29.5,Sunny
241,DFW,2018-08-27,29.5,Sunny
242,DFW,2018-08-28,31.6,Sunny
243,DFW,2018-08-29,31.6,Sunny
244,DFW,2018-08-30,20.5,Sunny
245,DFW,2018-08-31,20.5,Sunny
246,DFW,2018-09-01,25.9,Sunny
247,DFW,2018-09-02,35.2,Sunny
248,DFW,2018-09-03,24.1,Rain
249,DFW,2018-09-04,25.9,Rain
250,DFW,2018-09-05,20.5,Rain
251,DFW,2018-09-06,25.9,Rain
252,DFW,2018-09-07,33.1,Rain
253,DFW,2018-09-08,18.3,Rain
254,DFW,2018-09-09,20.5,Cloudy
255,DFW,2018-09-10,15.1,Rain
256,DFW,2018-09-11,18.3,Rain
257,DFW,2018-09-12,20.5,Rain
258,DFW,2018-09-13,18.3,Sunny
259,DFW,2018-09-14,25.9,Rain
260,DFW,2018-09-15,20.5,Cloudy
261,DFW,2018-09-16,11.2,Sunny
262,DFW,2018-09-17,16.5,Sunny
263,DFW,2018-09-18,18.3,Sunny
264,DFW,2018-09-19,22.3,Sunny
265,DFW,2018-09-20,25.9,Rain
266,DFW,2018-09-21,24.1,Rain
267,DFW,2018-09-22,27.6,Rain
268,DFW,2018-09-23,20.5,Rain
269,DFW,2018-09-24,14.7,Cloudy
270,DFW,2018-09-25,22.3,Sunny
271,DFW,2018-09-26,31.7,Rain
272,DFW,2018-09-27,18.4,Sunny
273,DFW,2018-09-28,18.3,Sunny
274,DFW,2018-09-29,18.4,Rain
275,DFW,2018-09-30,16.5,Cloudy
276,DFW,2018-10-01,22.3,Sunny
277,DFW,2018-10-02,20.5,Cloudy
278,DFW,2018-10-03,29.5,Sunny
279,DFW,2018-10-04,22.3,Sunny
280,DFW,2018-10-05,27.7,Sunny
281,DFW,2018-10-06,29.5,Rain
282,DFW,2018-10-07,31.6,Rain
283,DFW,2018-10-08,25.9,Rain
284,DFW,2018-10-09,24.4,Rain
285,DFW,2018-10-10,29.5,Sunny
286,DFW,2018-10-11,22.3,Sunny
287,DFW,2018-10-12,18.3,Rain
288,DFW,2018-10-13,22.3,Rain
289,DFW,2018-10-14,33.5,Rain
290,DFW,2018-10-15,40.6,Rain
291,DFW,2018-10-16,29.5,Rain
292,DFW,2018-10-17,22.3,Rain
293,DFW,2018-10-18,22.3,Cloudy
294,DFW,2018-10-19,11.1,Rain
295,DFW,2018-10-20,29.5,Cloudy
296,DFW,2018-10-21,14.8,Sunny
297,DFW,2018-10-22,11.2,Cloudy
298,DFW,2018-10-23,14.8,Cloudy
299,DFW,2018-10-24,20.5,Rain
300,DFW,2018-10-25,24.1,Rain
301,DFW,2018-10-26,22.3,Sunny
302,DFW,2018-10-27,12.9,Sunny
303,DFW,2018-10-28,22.3,Sunny
304,DFW,2018-10-29,29.5,Sunny
305,DFW,2018-10-30,37.0,Cloudy
306,DFW,2018-10-31,31.6,Rain
307,DFW,2018-11-01,33.5,Sunny
308,DFW,2018-11-02,25.9,Sunny
309,DFW,2018-11-03,51.8,Rain
310,DFW,2018-11-04,33.4,Sunny
311,DFW,2018-11-05,33.4,Sunny
312,DFW,2018-11-06,20.5,Sunny
313,DFW,2018-11-07,22.3,Rain
314,DFW,2018-11-08,24.1,Rain
315,DFW,2018-11-09,33.5,Rain
316,DFW,2018-11-10,16.5,Sunny
317,DFW,2018-11-11,22.3,Rain
318,DFW,2018-11-12,48.1,Rain
319,DFW,2018-11-13,37.0,Sunny
320,DFW,2018-11-14,20.5,Sunny
321,DFW,2018-11-15,22.3,Sunny
322,DFW,2018-11-16,24.1,Sunny
323,DFW,2018-11-17,25.9,Sunny
324,DFW,2018-11-18,31.6,Rain
325,DFW,2018-11-19,18.3,Sunny
326,DFW,2018-11-20,16.5,Sunny
327,DFW,2018-11-21,12.9,Sunny
328,DFW,2018-11-22,20.5,Sunny
329,DFW,2018-11-23,44.6,Sunny
330,DFW,2018-11-24,29.4,Cloudy
331,DFW,2018-11-25,51.7,Cloudy
332,DFW,2018-11-26,35.2,Sunny
333,DFW,2018-11-27,20.5,Sunny
334,DFW,2018-11-28,35.2,Sunny
335,DFW,2018-11-29,31.6,Sunny
336,DFW,2018-11-30,39.2,Rain
337,DFW,2018-12-01,31.7,Sunny
338,DFW,2018-12-02,27.6,Sunny
339,DFW,2018-12-03,24.1,Sunny
340,DFW,2018-12-04,20.5,Sunny
341,DFW,2018-12-05,18.4,Sunny
342,DFW,2018-12-06,24.1,Rain
343,DFW,2018-12-07,25.9,Rain
344,DFW,2018-12-08,31.7,Rain
345,DFW,2018-12-09,27.7,Sunny
346,DFW,2018-12-10,14.7,Sunny
347,DFW,2018-12-11,35.2,Sunny
348,DFW,2018-12-12,33.4,Cloudy
349,DFW,2018-12-13,44.5,Rain
350,DFW,2018-12-14,46.4,Cloudy
351,DFW,2018-12-15,35.2,Sunny
352,DFW,2018-12-16,18.4,Cloudy
353,DFW,2018-12-17,14.7,Cloudy
354,DFW,2018-12-18,16.6,Sunny
355,DFW,2018-12-19,16.5,Rain
356,DFW,2018-12-20,48.2,Sunny
357,DFW,2018-12-21,25.9,Sunny
358,DFW,2018-12-22,29.4,Sunny
359,DFW,2018-12-23,25.9,Sunny
360,DFW,2018-12-24,27.7,Sunny
361,DFW,2018-12-25,25.9,Cloudy
362,DFW,2018-12-26,38.8,Rain
363,DFW,2018-12-27,33.5,Rain
364,DFW,2018-12-28,29.5,Sunny
365,DFW,2018-12-29,27.7,Cloudy
366,DFW,2018-12-30,14.8,Cloudy
367,DFW,2018-12-31,27.7,Rain
368,DFW,2019-01-01,27.7,Cloudy
369,DFW,2019-01-02,25.9,Rain
370,DFW,2019-01-03,27.7,Rain
371,DFW,2019-01-04,27.7,Sunny
372,DFW,2019-01-05,16.5,Sunny
373,DFW,2019-01-06,38.8,Sunny
374,DFW,2019-01-07,37.0,Sunny
375,DFW,2019-01-08,31.6,Sunny
376,DFW,2019-01-09,22.3,Sunny
377,DFW,2019-01-10,22.3,Sunny
378,DFW,2019-01-11,27.7,Rain
379,DFW,2019-01-12,37.0,Rain
380,DFW,2019-01-13,29.5,Cloudy
381,DFW,2019-01-14,16.5,Sunny
382,DFW,2019-01-15,18.4,Cloudy
383,DFW,2019-01-16,37.0,Cloudy
384,DFW,2019-01-17,33.4,Sunny
385,DFW,2019-01-18,35.2,Rain
386,DFW,2019-01-19,61.1,Sunny
387,DFW,2019-01-20,24.1,Sunny
388,DFW,2019-01-21,46.4,Cloudy
389,DFW,2019-01-22,50.0,Rain
390,DFW,2019-01-23,42.4,Sunny
391,DFW,2019-01-24,29.5,Sunny
392,DFW,2019-01-25,24.1,Sunny
393,DFW,2019-01-26,14.7,Sunny
394,DFW,2019-01-27,24.1,Sunny
395,DFW,2019-01-28,44.6,Sunny
396,DFW,2019-01-29,33.4,Sunny
397,DFW,2019-01-30,20.5,Sunny
398,DFW,2019-01-31,18.4,Cloudy
399,DFW,2019-02-01,20.5,Rain
400,DFW,2019-02-02,20.5,Cloudy
401,DFW,2019-02-03,35.2,Sunny
402,DFW,2019-02-04,25.9,Sunny
403,DFW,2019-02-05,40.6,Sunny
404,DFW,2019-02-06,33.4,Sunny
405,DFW,2019-02-07,44.6,Rain
406,DFW,2019-02-08,33.4,Sunny
407,DFW,2019-02-09,16.5,Rain
408,DFW,2019-02-10,20.5,Rain
409,DFW,2019-02-11,25.8,Rain
410,DFW,2019-02-12,50.0,Sunny
411,DFW,2019-02-13,38.8,Sunny
412,DFW,2019-02-14,44.6,Sunny
413,DFW,2019-02-15,37.0,Sunny
414,DFW,2019-02-16,24.1,Rain
415,DFW,2019-02-17,37.0,Cloudy
416,DFW,2019-02-18,27.7,Sunny
417,DFW,2019-02-19,22.3,Rain
418,DFW,2019-02-20,25.9,Cloudy
419,DFW,2019-02-21,27.7,Rain
420,DFW,2019-02-22,24.1,Rain
421,DFW,2019-02-23,46.4,Rain
422,DFW,2019-02-24,27.7,Sunny
423,DFW,2019-02-25,31.6,Sunny
424,DFW,2019-02-26,20.5,Cloudy
425,DFW,2019-02-27,35.2,Rain
426,DFW,2019-02-28,25.9,Cloudy
427,DFW,2019-03-01,18.3,Cloudy
428,DFW,2019-03-02,24.1,Rain
429,DFW,2019-03-03,37.0,Rain
430,DFW,2019-03-04,33.5,Sunny
431,DFW,2019-03-05,25.9,Sunny
432,DFW,2019-03-06,31.6,Sunny
433,DFW,2019-03-07,37.0,Sunny
434,DFW,2019-03-08,29.5,Sunny
435,DFW,2019-03-09,46.4,Rain
436,DFW,2019-03-10,25.9,Rain
437,DFW,2019-03-11,27.7,Rain
438,DFW,2019-03-12,48.2,Rain
439,DFW,2019-03-13,44.6,Rain
440,DFW,2019-03-14,38.8,Sunny
441,DFW,2019-03-15,38.8,Sunny
442,DFW,2019-03-16,20.5,Sunny
443,DFW,2019-03-17,12.9,Sunny
444,DFW,2019-03-18,14.7,Sunny
445,DFW,2019-03-19,31.6,Sunny
446,DFW,2019-03-20,27.7,Sunny
447,DFW,2019-03-21,24.1,Sunny
448,DFW,2019-03-22,25.9,Sunny
449,DFW,2019-03-23,37.0,Rain
450,DFW,2019-03-24,33.4,Rain
451,DFW,2019-03-25,25.9,Rain
452,DFW,2019-03-26,22.3,Sunny
453,DFW,2019-03-27,29.5,Sunny
454,DFW,2019-03-28,38.9,Sunny
455,DFW,2019-03-29,35.2,Cloudy
456,DFW,2019-03-30,48.2,Rain
457,DFW,2019-03-31,31.6,Sunny
458,DFW,2019-04-01,18.4,Sunny
459,DFW,2019-04-02,27.7,Sunny
460,DFW,2019-04-03,35.2,Cloudy
461,DFW,2019-04-04,29.5,Sunny
462,DFW,2019-04-05,22.3,Sunny
463,DFW,2019-04-06,37.4,Rain
464,DFW,2019-04-07,18.4,Rain
465,DFW,2019-04-08,25.9,Rain
466,DFW,2019-04-09,24.1,Sunny
467,DFW,2019-04-10,53.5,Cloudy
468,DFW,2019-04-11,38.8,Sunny
469,DFW,2019-04-12,24.1,Sunny
470,DFW,2019-04-13,59.3,Rain
471,DFW,2019-04-14,44.6,Rain
472,DFW,2019-04-15,42.4,Sunny
473,DFW,2019-04-16,38.8,Sunny
474,DFW,2019-04-17,35.3,Rain
475,DFW,2019-04-18,53.5,Rain
476,DFW,2019-04-19,40.6,Sunny
477,DFW,2019-04-20,22.3,Sunny
478,DFW,2019-04-21,40.6,Sunny
479,DFW,2019-04-22,33.4,Sunny
480,DFW,2019-04-23,27.7,Rain
481,DFW,2019-04-24,35.2,Rain
482,DFW,2019-04-25,24.1,Sunny
483,DFW,2019-04-26,25.9,Sunny
484,DFW,2019-04-27,40.6,Sunny
485,DFW,2019-04-28,35.2,Rain
486,DFW,2019-04-29,37.0,Sunny
487,DFW,2019-04-30,42.4,Rain
488,DFW,2019-05-01,48.1,Rain
489,DFW,2019-05-02,35.2,Rain
490,DFW,2019-05-03,29.5,Rain
491,DFW,2019-05-04,20.5,Rain
492,DFW,2019-05-05,22.3,Sunny
493,DFW,2019-05-06,27.7,Sunny
494,DFW,2019-05-07,40.6,Sunny
495,DFW,2019-05-08,37.0,Rain
496,DFW,2019-05-09,37.0,Rain
497,DFW,2019-05-10,35.2,Rain
498,DFW,2019-05-11,22.3,Rain
499,DFW,2019-05-12,18.3,Sunny
500,DFW,2019-05-13,20.5,Sunny
501,DFW,2019-05-14,22.3,Sunny
502,DFW,2019-05-15,22.3,Sunny
503,DFW,2019-05-16,27.7,Sunny
504,DFW,2019-05-17,38.8,Sunny
505,DFW,2019-05-18,38.8,Rain
506,DFW,2019-05-19,25.9,Sunny
507,DFW,2019-05-20,48.1,Sunny
508,DFW,2019-05-21,42.4,Rain
509,DFW,2019-05-22,40.6,Sunny
510,DFW,2019-05-23,42.4,Sunny
511,DFW,2019-05-24,38.8,Sunny
512,DFW,2019-05-25,33.4,Sunny
513,DFW,2019-05-26,31.6,Sunny
514,DFW,2019-05-27,37.0,Sunny
515,DFW,2019-05-28,42.4,Sunny
516,DFW,2019-05-29,31.6,Rain
517,DFW,2019-05-30,20.5,Sunny
518,DFW,2019-05-31,18.3,Sunny
519,DFW,2019-06-01,35.3,Rain
520,DFW,2019-06-02,27.6,Rain
521,DFW,2019-06-03,24.1,Sunny
522,DFW,2019-06-04,25.8,Sunny
523,DFW,2019-06-05,25.9,Rain
524,DFW,2019-06-06,24.1,Rain
525,DFW,2019-06-07,24.1,Sunny
526,DFW,2019-06-08,16.6,Sunny
527,DFW,2019-06-09,57.5,Rain
528,DFW,2019-06-10,35.2,Sunny
529,DFW,2019-06-11,22.3,Sunny
530,DFW,2019-06-12,24.1,Sunny
531,DFW,2019-06-13,16.5,Sunny
532,DFW,2019-06-14,38.8,Sunny
533,DFW,2019-06-15,40.6,Sunny
534,DFW,2019-06-16,51.8,Rain
535,DFW,2019-06-17,11.1,Sunny
536,DFW,2019-06-18,22.3,Sunny
537,DFW,2019-06-19,34.7,Rain
538,DFW,2019-06-20,33.4,Rain
539,DFW,2019-06-21,37.1,Sunny
540,DFW,2019-06-22,40.6,Rain
541,DFW,2019-06-23,46.4,Rain
542,DFW,2019-06-24,20.5,Rain
543,DFW,2019-06-25,33.4,Sunny
544,DFW,2019-06-26,35.2,Sunny
545,DFW,2019-06-27,22.3,Sunny
546,DFW,2019-06-28,20.4,Sunny
547,DFW,2019-06-29,27.7,Sunny
548,DFW,2019-06-30,22.3,Sunny
549,DFW,2019-07-01,25.9,Sunny
550,DFW,2019-07-02,25.9,Sunny
551,DFW,2019-07-03,27.7,Sunny
552,DFW,2019-07-04,33.4,Rain
553,DFW,2019-07-05,27.7,Sunny
554,DFW,2019-07-06,49.8,Rain
555,DFW,2019-07-07,24.1,Sunny
556,DFW,2019-07-08,27.7,Sunny
557,DFW,2019-07-09,27.7,Sunny
558,DFW,2019-07-10,18.4,Rain
559,DFW,2019-07-11,22.3,Rain
560,DFW,2019-07-12,20.5,Sunny
561,DFW,2019-07-13,31.6,Sunny
562,DFW,2019-07-14,27.7,Sunny
563,DFW,2019-07-15,16.5,Sunny
564,DFW,2019-07-16,31.6,Sunny
565,DFW,2019-07-17,31.6,Sunny
566,DFW,2019-07-18,35.2,Sunny
567,DFW,2019-07-19,33.4,Sunny
568,DFW,2019-07-20,29.5,Sunny
569,DFW,2019-07-21,24.1,Sunny
570,DFW,2019-07-22,31.6,Rain
571,DFW,2019-07-23,25.9,Sunny
572,DFW,2019-07-24,20.5,Sunny
573,DFW,2019-07-25,18.4,Sunny
574,DFW,2019-07-26,18.3,Sunny
575,DFW,2019-07-27,22.3,Sunny
576,DFW,2019-07-28,27.7,Sunny
577,DFW,2019-07-29,29.5,Sunny
578,DFW,2019-07-30,22.2,Sunny
579,DFW,2019-07-31,20.5,Sunny
580,DFW,2019-08-01,20.5,Sunny
581,DFW,2019-08-02,18.4,Sunny
582,DFW,2019-08-03,18.3,Rain
583,DFW,2019-08-04,16.5,Rain
584,DFW,2019-08-05,13.0,Sunny
585,DFW,2019-08-06,20.5,Sunny
586,DFW,2019-08-07,24.1,Sunny
587,DFW,2019-08-08,25.9,Sunny
588,DFW,2019-08-09,24.1,Sunny
589,DFW,2019-08-10,29.4,Sunny
590,DFW,2019-08-11,24.1,Sunny
591,DFW,2019-08-12,25.9,Sunny
592,DFW,2019-08-13,20.5,Sunny
593,DFW,2019-08-14,29.5,Rain
594,DFW,2019-08-15,18.3,Sunny
595,DFW,2019-08-16,33.4,Sunny
596,DFW,2019-08-17,25.9,Sunny
597,DFW,2019-08-18,35.2,Sunny
598,DFW,2019-08-19,22.3,Sunny
599,DFW,2019-08-20,20.5,Sunny
600,DFW,2019-08-21,25.9,Sunny
601,DFW,2019-08-22,22.3,Sunny
602,DFW,2019-08-23,29.5,Sunny
603,DFW,2019-08-24,24.0,Rain
604,DFW,2019-08-25,18.3,Sunny
605,DFW,2019-08-26,35.2,Sunny
606,DFW,2019-08-27,48.0,Rain
607,DFW,2019-08-28,12.9,Sunny
608,DFW,2019-08-29,24.1,Sunny
609,DFW,2019-08-30,66.3,Rain
610,DFW,2019-08-31,14.8,Sunny
611,DFW,2019-09-01,16.5,Sunny
612,DFW,2019-09-02,16.5,Sunny
613,DFW,2019-09-03,16.5,Sunny
614,DFW,2019-09-04,20.5,Sunny
615,DFW,2019-09-05,12.9,Sunny
616,DFW,2019-09-06,18.3,Sunny
617,DFW,2019-09-07,27.6,Sunny
618,DFW,2019-09-08,27.7,Sunny
619,DFW,2019-09-09,33.4,Sunny
620,DFW,2019-09-10,35.2,Rain
621,DFW,2019-09-11,31.6,Sunny
622,DFW,2019-09-12,29.5,Sunny
623,DFW,2019-09-13,18.3,Sunny
624,DFW,2019-09-14,13.0,Sunny
625,DFW,2019-09-15,18.3,Sunny
626,DFW,2019-09-16,20.5,Sunny
627,DFW,2019-09-17,22.3,Sunny
628,DFW,2019-09-18,20.5,Sunny
629,DFW,2019-09-19,24.1,Sunny
630,DFW,2019-09-20,37.0,Rain
631,DFW,2019-09-21,35.2,Sunny
632,DFW,2019-09-22,37.0,Sunny
633,DFW,2019-09-23,24.1,Rain
634,DFW,2019-09-24,24.1,Sunny
635,DFW,2019-09-25,31.6,Sunny
636,DFW,2019-09-26,27.7,Sunny
637,DFW,2019-09-27,33.4,Sunny
638,DFW,2019-09-28,35.2,Sunny
639,DFW,2019-09-29,33.4,Sunny
640,DFW,2019-09-30,29.5,Sunny
641,DFW,2019-10-01,33.4,Sunny
642,DFW,2019-10-02,31.6,Sunny
643,DFW,2019-10-03,22.3,Sunny
644,DFW,2019-10-04,18.3,Sunny
645,DFW,2019-10-05,18.3,Sunny
646,DFW,2019-10-06,38.8,Sunny
647,DFW,2019-10-07,35.2,Sunny
648,DFW,2019-10-08,16.5,Sunny
649,DFW,2019-10-09,35.2,Sunny
650,DFW,2019-10-10,40.6,Rain
651,DFW,2019-10-11,49.9,Rain
652,DFW,2019-10-12,16.5,Sunny
653,DFW,2019-10-13,22.3,Sunny
654,DFW,2019-10-14,22.3,Rain
655,DFW,2019-10-15,40.6,Sunny
656,DFW,2019-10-16,40.6,Sunny
657,DFW,2019-10-17,18.3,Sunny
658,DFW,2019-10-18,25.9,Sunny
659,DFW,2019-10-19,25.9,Rain
660,DFW,2019-10-20,37.0,Rain
661,DFW,2019-10-21,59.2,Rain
662,DFW,2019-10-22,16.5,Sunny
663,DFW,2019-10-23,40.6,Sunny
664,DFW,2019-10-24,37.0,Rain
665,DFW,2019-10-25,37.0,Rain
666,DFW,2019-10-26,29.5,Sunny
667,DFW,2019-10-27,31.6,Sunny
668,DFW,2019-10-28,25.9,Rain
669,DFW,2019-10-29,24.1,Rain
670,DFW,2019-10-30,51.7,Rain
671,DFW,2019-10-31,38.8,Sunny
672,DFW,2019-11-01,29.5,Sunny
673,DFW,2019-11-02,27.7,Sunny
674,DFW,2019-11-03,35.2,Sunny
675,DFW,2019-11-04,35.2,Sunny
676,DFW,2019-11-05,20.5,Rain
677,DFW,2019-11-06,31.6,Sunny
678,DFW,2019-11-07,40.6,Rain
679,DFW,2019-11-08,20.5,Sunny
680,DFW,2019-11-09,20.5,Sunny
681,DFW,2019-11-10,29.5,Sunny
682,DFW,2019-11-11,59.3,Rain
683,DFW,2019-11-12,38.8,Sunny
684,DFW,2019-11-13,27.7,Cloudy
685,DFW,2019-11-14,22.3,Sunny
686,DFW,2019-11-15,12.9,Sunny
687,DFW,2019-11-16,18.3,Sunny
688,DFW,2019-11-17,18.3,Sunny
689,DFW,2019-11-18,16.5,Sunny
690,DFW,2019-11-19,22.3,Sunny
691,DFW,2019-11-20,48.1,Rain
692,DFW,2019-11-21,42.4,Rain
693,DFW,2019-11-22,35.2,Rain
694,DFW,2019-11-23,20.5,Sunny
695,DFW,2019-11-24,18.3,Sunny
696,DFW,2019-11-25,24.1,Sunny
697,DFW,2019-11-26,31.5,Sunny
698,DFW,2019-11-27,40.6,Sunny
699,DFW,2019-11-28,18.4,Rain
700,DFW,2019-11-29,31.6,Rain
701,DFW,2019-11-30,33.4,Rain
702,DFW,2019-12-01,37.0,Sunny
703,DFW,2019-12-02,24.1,Sunny
704,DFW,2019-12-03,24.1,Sunny
705,DFW,2019-12-04,12.9,Sunny
706,DFW,2019-12-05,35.2,Sunny
707,DFW,2019-12-06,38.8,Sunny
708,DFW,2019-12-07,13.0,Sunny
709,DFW,2019-12-08,44.6,Sunny
710,DFW,2019-12-09,38.8,Cloudy
711,DFW,2019-12-10,31.7,Rain
712,DFW,2019-12-11,16.5,Sunny
713,DFW,2019-12-12,22.3,Sunny
714,DFW,2019-12-13,13.0,Sunny
715,DFW,2019-12-14,18.3,Sunny
716,DFW,2019-12-15,35.2,Sunny
717,DFW,2019-12-16,38.8,Cloudy
718,DFW,2019-12-17,29.5,Sunny
719,DFW,2019-12-18,14.7,Sunny
720,DFW,2019-12-19,24.1,Sunny
721,DFW,2019-12-20,18.3,Cloudy
722,DFW,2019-12-21,14.8,Cloudy
723,DFW,2019-12-22,14.7,Sunny
724,DFW,2019-12-23,11.2,Sunny
725,DFW,2019-12-24,24.1,Cloudy
726,DFW,2019-12-25,24.1,Sunny
727,DFW,2019-12-26,16.5,Cloudy
728,DFW,2019-12-27,24.1,Sunny
729,DFW,2019-12-28,35.2,Rain
730,DFW,2019-12-29,29.5,Sunny
731,DFW,2019-12-30,25.9,Sunny
732,DFW,2019-12-31,14.7,Sunny
733,JFK,2018-01-01,38.8,Sunny
734,JFK,2018-01-02,31.6,Sunny
735,JFK,2018-01-03,27.7,Snow
736,JFK,2018-01-04,57.4,Snow
737,JFK,2018-01-05,49.9,Snow
738,JFK,2018-01-06,46.3,Sunny
739,JFK,2018-01-07,36.9,Sunny
740,JFK,2018-01-08,33.4,Snow
741,JFK,2018-01-09,35.2,Sunny
742,JFK,2018-01-10,14.7,Rain
743,JFK,2018-01-11,12.9,Cloudy
744,JFK,2018-01-12,42.3,Rain
745,JFK,2018-01-13,48.0,Rain
746,JFK,2018-01-14,33.4,Sunny
747,JFK,2018-01-15,27.7,Sunny
748,JFK,2018-01-16,14.8,Cloudy
749,JFK,2018-01-17,25.9,Rain
750,JFK,2018-01-18,33.3,Sunny
751,JFK,2018-01-19,24.1,Sunny
752,JFK,2018-01-20,33.5,Sunny
753,JFK,2018-01-21,16.5,Sunny
754,JFK,2018-01-22,18.3,Cloudy
755,JFK,2018-01-23,48.1,Rain
756,JFK,2018-01-24,35.2,Sunny
757,JFK,2018-01-25,35.2,Sunny
758,JFK,2018-01-26,25.9,Sunny
759,JFK,2018-01-27,33.4,Sunny
760,JFK,2018-01-28,24.1,Rain
761,JFK,2018-01-29,33.4,Snow
762,JFK,2018-01-30,46.3,Snow
763,JFK,2018-01-31,33.4,Sunny
764,JFK,2018-02-01,24.0,Cloudy
765,JFK,2018-02-02,55.3,Snow
766,JFK,2018-02-03,38.8,Sunny
767,JFK,2018-02-04,31.6,Rain
768,JFK,2018-02-05,51.7,Rain
769,JFK,2018-02-06,18.4,Snow
770,JFK,2018-02-07,48.1,Rain
771,JFK,2018-02-08,42.3,Sunny
772,JFK,2018-02-09,33.4,Sunny
773,JFK,2018-02-10,14.7,Rain
774,JFK,2018-02-11,31.6,Rain
775,JFK,2018-02-12,38.7,Rain
776,JFK,2018-02-13,33.4,Sunny
777,JFK,2018-02-14,25.8,Rain
778,JFK,2018-02-15,16.5,Rain
779,JFK,2018-02-16,48.1,Rain
780,JFK,2018-02-17,29.4,Snow
781,JFK,2018-02-18,42.3,Snow
782,JFK,2018-02-19,22.3,Rain
783,JFK,2018-02-20,24.1,Sunny
784,JFK,2018-02-21,24.0,Rain
785,JFK,2018-02-22,35.2,Rain
786,JFK,2018-02-23,25.8,Rain
787,JFK,2018-02-24,22.3,Rain
788,JFK,2018-02-25,37.0,Rain
789,JFK,2018-02-26,33.4,Rain
790,JFK,2018-02-27,31.5,Rain
791,JFK,2018-02-28,20.5,Rain
792,JFK,2018-03-01,24.1,Rain
793,JFK,2018-03-02,72.1,Rain
794,JFK,2018-03-03,59.1,Rain
795,JFK,2018-03-04,42.3,Cloudy
796,JFK,2018-03-05,38.7,Sunny
797,JFK,2018-03-06,24.1,Sunny
798,JFK,2018-03-07,53.4,Snow
799,JFK,2018-03-08,31.6,Snow
800,JFK,2018-03-09,37.1,Sunny
801,JFK,2018-03-10,33.4,Sunny
802,JFK,2018-03-11,31.6,Sunny
803,JFK,2018-03-12,33.4,Snow
804,JFK,2018-03-13,40.6,Snow
805,JFK,2018-03-14,44.5,Rain
806,JFK,2018-03-15,40.6,Sunny
807,JFK,2018-03-16,48.1,Rain
808,JFK,2018-03-17,38.7,Sunny
809,JFK,2018-03-18,40.5,Sunny
810,JFK,2018-03-19,18.3,Sunny
811,JFK,2018-03-20,27.7,Rain
812,JFK,2018-03-21,39.0,Snow
813,JFK,2018-03-22,35.2,Snow
814,JFK,2018-03-23,27.6,Cloudy
815,JFK,2018-03-24,31.6,Sunny
816,JFK,2018-03-25,33.4,Sunny
817,JFK,2018-03-26,29.5,Sunny
818,JFK,2018-03-27,20.5,Cloudy
819,JFK,2018-03-28,22.2,Rain
820,JFK,2018-03-29,20.5,Rain
821,JFK,2018-03-30,35.1,Rain
822,JFK,2018-03-31,40.5,Sunny
823,JFK,2018-04-01,33.3,Snow
824,JFK,2018-04-02,25.9,Snow
825,JFK,2018-04-03,22.3,Rain
826,JFK,2018-04-04,48.1,Rain
827,JFK,2018-04-05,46.2,Rain
828,JFK,2018-04-06,44.4,Rain
829,JFK,2018-04-07,33.4,Cloudy
830,JFK,2018-04-08,38.8,Cloudy
831,JFK,2018-04-09,35.2,Cloudy
832,JFK,2018-04-10,33.3,Rain
833,JFK,2018-04-11,27.7,Rain
834,JFK,2018-04-12,46.2,Rain
835,JFK,2018-04-13,38.7,Rain
836,JFK,2018-04-14,44.5,Sunny
837,JFK,2018-04-15,38.8,Rain
838,JFK,2018-04-16,57.5,Rain
839,JFK,2018-04-17,36.9,Rain
840,JFK,2018-04-18,33.4,Sunny
841,JFK,2018-04-19,40.5,Rain
842,JFK,2018-04-20,38.7,Rain
843,JFK,2018-04-21,31.5,Sunny
844,JFK,2018-04-22,33.4,Rain
845,JFK,2018-04-23,27.6,Sunny
846,JFK,2018-04-24,33.4,Rain
847,JFK,2018-04-25,35.2,Rain
848,JFK,2018-04-26,33.4,Rain
849,JFK,2018-04-27,29.4,Rain
850,JFK,2018-04-28,27.6,Rain
851,JFK,2018-04-29,38.8,Rain
852,JFK,2018-04-30,48.0,Rain
853,JFK,2018-05-01,33.4,Rain
854,JFK,2018-05-02,27.6,Sunny
855,JFK,2018-05-03,33.4,Sunny
856,JFK,2018-05-04,38.8,Cloudy
857,JFK,2018-05-05,46.4,Cloudy
858,JFK,2018-05-06,24.1,Cloudy
859,JFK,2018-05-07,22.3,Sunny
860,JFK,2018-05-08,24.1,Sunny
861,JFK,2018-05-09,22.3,Sunny
862,JFK,2018-05-10,37.0,Rain
863,JFK,2018-05-11,29.5,Sunny
864,JFK,2018-05-12,20.5,Rain
865,JFK,2018-05-13,18.4,Rain
866,JFK,2018-05-14,20.5,Rain
867,JFK,2018-05-15,33.4,Rain
868,JFK,2018-05-16,31.6,Rain
869,JFK,2018-05-17,16.6,Rain
870,JFK,2018-05-18,31.7,Cloudy
871,JFK,2018-05-19,25.9,Rain
872,JFK,2018-05-20,35.2,Cloudy
873,JFK,2018-05-21,25.8,Sunny
874,JFK,2018-05-22,18.3,Rain
875,JFK,2018-05-23,25.8,Rain
876,JFK,2018-05-24,29.4,Rain
877,JFK,2018-05-25,27.7,Rain
878,JFK,2018-05-26,24.0,Sunny
879,JFK,2018-05-27,35.3,Rain
880,JFK,2018-05-28,18.4,Cloudy
881,JFK,2018-05-29,22.2,Cloudy
882,JFK,2018-05-30,20.5,Cloudy
883,JFK,2018-05-31,16.6,Rain
884,JFK,2018-06-01,12.9,Rain
885,JFK,2018-06-02,22.3,Rain
886,JFK,2018-06-03,35.2,Rain
887,JFK,2018-06-04,22.3,Rain
888,JFK,2018-06-05,29.5,Sunny
889,JFK,2018-06-06,22.3,Cloudy
890,JFK,2018-06-07,22.3,Cloudy
891,JFK,2018-06-08,25.9,Sunny
892,JFK,2018-06-09,20.5,Cloudy
893,JFK,2018-06-10,18.4,Cloudy
894,JFK,2018-06-11,27.7,Rain
895,JFK,2018-06-12,33.5,Sunny
896,JFK,2018-06-13,24.1,Rain
897,JFK,2018-06-14,38.8,Sunny
898,JFK,2018-06-15,37.0,Sunny
899,JFK,2018-06-16,27.6,Sunny
900,JFK,2018-06-17,24.1,Sunny
901,JFK,2018-06-18,40.6,Rain
902,JFK,2018-06-19,24.1,Rain
903,JFK,2018-06-20,27.7,Cloudy
904,JFK,2018-06-21,20.5,Rain
905,JFK,2018-06-22,29.5,Cloudy
906,JFK,2018-06-23,24.1,Rain
907,JFK,2018-06-24,27.7,Rain
908,JFK,2018-06-25,33.5,Sunny
909,JFK,2018-06-26,27.7,Sunny
910,JFK,2018-06-27,31.7,Rain
911,JFK,2018-06-28,33.4,Rain
912,JFK,2018-06-29,22.3,Rain
913,JFK,2018-06-30,22.3,Sunny
914,JFK,2018-07-01,18.4,Sunny
915,JFK,2018-07-02,22.4,Sunny
916,JFK,2018-07-03,18.4,Rain
917,JFK,2018-07-04,16.6,Cloudy
918,JFK,2018-07-05,38.8,Sunny
919,JFK,2018-07-06,31.6,Rain
920,JFK,2018-07-07,37.0,Sunny
921,JFK,2018-07-08,20.5,Sunny
922,JFK,2018-07-09,33.5,Sunny
923,JFK,2018-07-10,27.7,Sunny
924,JFK,2018-07-11,24.1,Sunny
925,JFK,2018-07-12,20.5,Rain
926,JFK,2018-07-13,25.9,Sunny
927,JFK,2018-07-14,31.6,Sunny
928,JFK,2018-07-15,31.6,Rain
929,JFK,2018-07-16,29.5,Sunny
930,JFK,2018-07-17,33.5,Rain
931,JFK,2018-07-18,35.2,Sunny
932,JFK,2018-07-19,20.5,Sunny
933,JFK,2018-07-20,22.3,Sunny
934,JFK,2018-07-21,33.5,Rain
935,JFK,2018-07-22,48.2,Rain
936,JFK,2018-07-23,35.3,Rain
937,JFK,2018-07-24,37.1,Cloudy
938,JFK,2018-07-25,33.5,Rain
939,JFK,2018-07-26,24.1,Rain
940,JFK,2018-07-27,25.9,Rain
941,JFK,2018-07-28,27.7,Cloudy
942,JFK,2018-07-29,27.7,Cloudy
943,JFK,2018-07-30,18.4,Rain
944,JFK,2018-07-31,20.5,Cloudy
945,JFK,2018-08-01,42.4,Rain
946,JFK,2018-08-02,42.4,Rain
947,JFK,2018-08-03,31.7,Rain
948,JFK,2018-08-04,29.5,Rain
949,JFK,2018-08-05,24.1,Sunny
950,JFK,2018-08-06,33.4,Sunny
951,JFK,2018-08-07,35.2,Rain
952,JFK,2018-08-08,27.7,Rain
953,JFK,2018-08-09,29.5,Rain
954,JFK,2018-08-10,29.4,Sunny
955,JFK,2018-08-11,22.3,Rain
956,JFK,2018-08-12,20.5,Rain
957,JFK,2018-08-13,24.1,Rain
958,JFK,2018-08-14,31.6,Rain
959,JFK,2018-08-15,29.5,Rain
960,JFK,2018-08-16,24.1,Sunny
961,JFK,2018-08-17,37.0,Rain
962,JFK,2018-08-18,29.5,Rain
963,JFK,2018-08-19,29.5,Rain
964,JFK,2018-08-20,24.1,Cloudy
965,JFK,2018-08-21,24.1,Sunny
966,JFK,2018-08-22,29.5,Rain
967,JFK,2018-08-23,27.7,Rain
968,JFK,2018-08-24,20.5,Rain
969,JFK,2018-08-25,18.3,Cloudy
970,JFK,2018-08-26,33.4,Sunny
971,JFK,2018-08-27,24.1,Cloudy
972,JFK,2018-08-28,29.5,Sunny
973,JFK,2018-08-29,22.3,Rain
974,JFK,2018-08-30,29.5,Sunny
975,JFK,2018-08-31,29.5,Rain
976,JFK,2018-09-01,25.9,Rain
977,JFK,2018-09-02,20.5,Cloudy
978,JFK,2018-09-03,24.1,Rain
979,JFK,2018-09-04,16.5,Sunny
980,JFK,2018-09-05,22.3,Sunny
981,JFK,2018-09-06,31.6,Rain
982,JFK,2018-09-07,22.3,Cloudy
983,JFK,2018-09-08,29.5,Rain
984,JFK,2018-09-09,24.1,Rain
985,JFK,2018-09-10,35.2,Rain
986,JFK,2018-09-11,18.4,Rain
987,JFK,2018-09-12,13.0,Rain
988,JFK,2018-09-13,20.5,Rain
989,JFK,2018-09-14,24.1,Cloudy
990,JFK,2018-09-15,18.3,Sunny
991,JFK,2018-09-16,18.3,Sunny
992,JFK,2018-09-17,22.3,Rain
993,JFK,2018-09-18,33.3,Rain
994,JFK,2018-09-19,22.3,Sunny
995,JFK,2018-09-20,18.3,Cloudy
996,JFK,2018-09-21,35.2,Rain
997,JFK,2018-09-22,31.6,Cloudy
998,JFK,2018-09-23,14.8,Rain
999,JFK,2018-09-24,33.4,Cloudy
1000,JFK,2018-09-25,35.2,Rain
1001,JFK,2018-09-26,33.3,Rain
1002,JFK,2018-09-27,33.4,Cloudy
1003,JFK,2018-09-28,35.2,Rain
1004,JFK,2018-09-29,20.5,Sunny
1005,JFK,2018-09-30,18.3,Sunny
1006,JFK,2018-10-01,25.8,Cloudy
1007,JFK,2018-10-02,36.9,Rain
1008,JFK,2018-10-03,22.3,Rain
1009,JFK,2018-10-04,25.8,Rain
1010,JFK,2018-10-05,27.7,Rain
1011,JFK,2018-10-06,24.0,Cloudy
1012,JFK,2018-10-07,22.2,Cloudy
1013,JFK,2018-10-08,22.3,Cloudy
1014,JFK,2018-10-09,20.5,Cloudy
1015,JFK,2018-10-10,22.3,Cloudy
1016,JFK,2018-10-11,38.7,Rain
1017,JFK,2018-10-12,44.5,Rain
1018,JFK,2018-10-13,24.1,Rain
1019,JFK,2018-10-14,20.5,Sunny
1020,JFK,2018-10-15,33.4,Rain
1021,JFK,2018-10-16,44.5,Rain
1022,JFK,2018-10-17,44.6,Sunny
1023,JFK,2018-10-18,38.8,Rain
1024,JFK,2018-10-19,29.5,Rain
1025,JFK,2018-10-20,33.4,Rain
1026,JFK,2018-10-21,53.5,Rain
1027,JFK,2018-10-22,31.6,Sunny
1028,JFK,2018-10-23,33.4,Sunny
1029,JFK,2018-10-24,36.9,Sunny
1030,JFK,2018-10-25,33.4,Sunny
1031,JFK,2018-10-26,22.3,Cloudy
1032,JFK,2018-10-27,48.1,Rain
1033,JFK,2018-10-28,25.9,Rain
1034,JFK,2018-10-29,36.9,Rain
1035,JFK,2018-10-30,35.2,Sunny
1036,JFK,2018-10-31,38.7,Rain
1037,JFK,2018-11-01,29.4,Rain
1038,JFK,2018-11-02,36.9,Rain
1039,JFK,2018-11-03,50.0,Rain
1040,JFK,2018-11-04,27.7,Rain
1041,JFK,2018-11-05,27.7,Rain
1042,JFK,2018-11-06,27.6,Rain
1043,JFK,2018-11-07,29.5,Rain
1044,JFK,2018-11-08,27.6,Sunny
1045,JFK,2018-11-09,24.1,Rain
1046,JFK,2018-11-10,44.5,Rain
1047,JFK,2018-11-11,25.8,Sunny
1048,JFK,2018-11-12,13.0,Rain
1049,JFK,2018-11-13,40.5,Rain
1050,JFK,2018-11-14,42.3,Cloudy
1051,JFK,2018-11-15,53.6,Snow
1052,JFK,2018-11-16,46.4,Snow
1053,JFK,2018-11-17,29.5,Snow
1054,JFK,2018-11-18,24.0,Cloudy
1055,JFK,2018-11-19,14.7,Cloudy
1056,JFK,2018-11-20,33.4,Rain
1057,JFK,2018-11-21,44.5,Sunny
1058,JFK,2018-11-22,48.0,Sunny
1059,JFK,2018-11-23,24.0,Sunny
1060,JFK,2018-11-24,33.5,Rain
1061,JFK,2018-11-25,55.2,Rain
1062,JFK,2018-11-26,40.6,Rain
1063,JFK,2018-11-27,44.5,Rain
1064,JFK,2018-11-28,48.0,Cloudy
1065,JFK,2018-11-29,48.0,Rain
1066,JFK,2018-11-30,16.6,Rain
1067,JFK,2018-12-01,14.7,Rain
1068,JFK,2018-12-02,24.1,Rain
1069,JFK,2018-12-03,35.2,Cloudy
1070,JFK,2018-12-04,38.7,Sunny
1071,JFK,2018-12-05,22.3,Sunny
1072,JFK,2018-12-06,37.0,Sunny
1073,JFK,2018-12-07,35.1,Sunny
1074,JFK,2018-12-08,29.4,Snow
1075,JFK,2018-12-09,18.4,Snow
1076,JFK,2018-12-10,27.7,Sunny
1077,JFK,2018-12-11,25.9,Rain
1078,JFK,2018-12-12,29.4,Rain
1079,JFK,2018-12-13,22.3,Rain
1080,JFK,2018-12-14,20.5,Rain
1081,JFK,2018-12-15,25.8,Rain
1082,JFK,2018-12-16,44.5,Rain
1083,JFK,2018-12-17,46.3,Cloudy
1084,JFK,2018-12-18,46.3,Rain
1085,JFK,2018-12-19,22.3,Sunny
1086,JFK,2018-12-20,24.2,Rain
1087,JFK,2018-12-21,49.9,Rain
1088,JFK,2018-12-22,46.3,Rain
1089,JFK,2018-12-23,40.5,Sunny
1090,JFK,2018-12-24,31.6,Rain
1091,JFK,2018-12-25,31.6,Sunny
1092,JFK,2018-12-26,22.3,Sunny
1093,JFK,2018-12-27,20.5,Sunny
1094,JFK,2018-12-28,40.5,Rain
1095,JFK,2018-12-29,40.6,Rain
1096,JFK,2018-12-30,29.4,Cloudy
1097,JFK,2018-12-31,29.4,Rain
1098,JFK,2019-01-01,51.6,Rain
1099,JFK,2019-01-02,27.6,Sunny
1100,JFK,2019-01-03,36.9,Sunny
1101,JFK,2019-01-04,33.4,Sunny
1102,JFK,2019-01-05,31.6,Rain
1103,JFK,2019-01-06,49.8,Sunny
1104,JFK,2019-01-07,27.6,Sunny
1105,JFK,2019-01-08,20.5,Rain
1106,JFK,2019-01-09,53.4,Rain
1107,JFK,2019-01-10,51.7,Sunny
1108,JFK,2019-01-11,42.3,Sunny
1109,JFK,2019-01-12,20.5,Sunny
1110,JFK,2019-01-13,24.2,Sunny
1111,JFK,2019-01-14,31.6,Sunny
1112,JFK,2019-01-15,24.0,Sunny
1113,JFK,2019-01-16,27.6,Sunny
1114,JFK,2019-01-17,24.1,Snow
1115,JFK,2019-01-18,22.2,Snow
1116,JFK,2019-01-19,27.7,Rain
1117,JFK,2019-01-20,57.4,Rain
1118,JFK,2019-01-21,53.4,Snow
1119,JFK,2019-01-22,42.3,Sunny
1120,JFK,2019-01-23,31.6,Cloudy
1121,JFK,2019-01-24,55.2,Rain
1122,JFK,2019-01-25,40.6,Sunny
1123,JFK,2019-01-26,33.3,Sunny
1124,JFK,2019-01-27,44.5,Sunny
1125,JFK,2019-01-28,27.6,Snow
1126,JFK,2019-01-29,37.0,Rain
1127,JFK,2019-01-30,55.3,Snow
1128,JFK,2019-01-31,35.2,Snow
1129,JFK,2019-02-01,29.5,Sunny
1130,JFK,2019-02-02,35.2,Snow
1131,JFK,2019-02-03,25.9,Sunny
1132,JFK,2019-02-04,12.9,Sunny
1133,JFK,2019-02-05,22.3,Rain
1134,JFK,2019-02-06,25.8,Rain
1135,JFK,2019-02-07,24.2,Rain
1136,JFK,2019-02-08,48.1,Rain
1137,JFK,2019-02-09,42.4,Snow
1138,JFK,2019-02-10,27.6,Snow
1139,JFK,2019-02-11,16.6,Cloudy
1140,JFK,2019-02-12,35.2,Snow
1141,JFK,2019-02-13,40.7,Snow
1142,JFK,2019-02-14,44.4,Rain
1143,JFK,2019-02-15,38.7,Cloudy
1144,JFK,2019-02-16,35.2,Sunny
1145,JFK,2019-02-17,24.1,Snow
1146,JFK,2019-02-18,42.4,Rain
1147,JFK,2019-02-19,33.4,Sunny
1148,JFK,2019-02-20,16.6,Snow
1149,JFK,2019-02-21,27.6,Snow
1150,JFK,2019-02-22,29.5,Cloudy
1151,JFK,2019-02-23,18.3,Cloudy
1152,JFK,2019-02-24,48.2,Rain
1153,JFK,2019-02-25,61.0,Sunny
1154,JFK,2019-02-26,40.5,Sunny
1155,JFK,2019-02-27,24.1,Cloudy
1156,JFK,2019-02-28,31.6,Snow
1157,JFK,2019-03-01,20.5,Snow
1158,JFK,2019-03-02,24.1,Snow
1159,JFK,2019-03-03,22.3,Snow
1160,JFK,2019-03-04,31.6,Snow
1161,JFK,2019-03-05,31.6,Sunny
1162,JFK,2019-03-06,40.5,Snow
1163,JFK,2019-03-07,33.4,Sunny
1164,JFK,2019-03-08,14.8,Cloudy
1165,JFK,2019-03-09,18.3,Sunny
1166,JFK,2019-03-10,40.6,Rain
1167,JFK,2019-03-11,37.0,Sunny
1168,JFK,2019-03-12,40.5,Sunny
1169,JFK,2019-03-13,24.1,Sunny
1170,JFK,2019-03-14,31.6,Sunny
1171,JFK,2019-03-15,36.9,Rain
1172,JFK,2019-03-16,46.3,Rain
1173,JFK,2019-03-17,37.0,Sunny
1174,JFK,2019-03-18,25.8,Sunny
1175,JFK,2019-03-19,29.4,Sunny
1176,JFK,2019-03-20,27.7,Sunny
1177,JFK,2019-03-21,37.0,Rain
1178,JFK,2019-03-22,49.9,Rain
1179,JFK,2019-03-23,49.9,Sunny
1180,JFK,2019-03-24,33.4,Sunny
1181,JFK,2019-03-25,29.4,Cloudy
1182,JFK,2019-03-26,38.7,Sunny
1183,JFK,2019-03-27,24.0,Sunny
1184,JFK,2019-03-28,35.1,Sunny
1185,JFK,2019-03-29,18.3,Cloudy
1186,JFK,2019-03-30,40.5,Sunny
1187,JFK,2019-03-31,38.7,Rain
1188,JFK,2019-04-01,40.5,Sunny
1189,JFK,2019-04-02,27.7,Rain
1190,JFK,2019-04-03,53.5,Rain
1191,JFK,2019-04-04,35.2,Sunny
1192,JFK,2019-04-05,25.8,Rain
1193,JFK,2019-04-06,22.3,Rain
1194,JFK,2019-04-07,29.4,Sunny
1195,JFK,2019-04-08,20.5,Rain
1196,JFK,2019-04-09,24.1,Rain
1197,JFK,2019-04-10,33.4,Sunny
1198,JFK,2019-04-11,24.1,Rain
1199,JFK,2019-04-12,42.4,Rain
1200,JFK,2019-04-13,31.6,Rain
1201,JFK,2019-04-14,25.8,Sunny
1202,JFK,2019-04-15,62.9,Rain
1203,JFK,2019-04-16,42.3,Rain
1204,JFK,2019-04-17,27.6,Cloudy
1205,JFK,2019-04-18,40.5,Cloudy
1206,JFK,2019-04-19,49.8,Rain
1207,JFK,2019-04-20,42.4,Rain
1208,JFK,2019-04-21,25.9,Rain
1209,JFK,2019-04-22,24.0,Rain
1210,JFK,2019-04-23,25.8,Rain
1211,JFK,2019-04-24,33.4,Rain
1212,JFK,2019-04-25,22.3,Rain
1213,JFK,2019-04-26,31.6,Rain
1214,JFK,2019-04-27,42.4,Rain
1215,JFK,2019-04-28,29.4,Rain
1216,JFK,2019-04-29,27.6,Sunny
1217,JFK,2019-04-30,20.5,Rain
1218,JFK,2019-05-01,22.3,Rain
1219,JFK,2019-05-02,33.4,Rain
1220,JFK,2019-05-03,20.5,Rain
1221,JFK,2019-05-04,24.0,Rain
1222,JFK,2019-05-05,26.0,Rain
1223,JFK,2019-05-06,29.5,Rain
1224,JFK,2019-05-07,35.1,Rain
1225,JFK,2019-05-08,22.2,Sunny
1226,JFK,2019-05-09,35.2,Cloudy
1227,JFK,2019-05-10,31.5,Rain
1228,JFK,2019-05-11,27.6,Rain
1229,JFK,2019-05-12,31.7,Rain
1230,JFK,2019-05-13,24.1,Rain
1231,JFK,2019-05-14,20.5,Rain
1232,JFK,2019-05-15,25.8,Rain
1233,JFK,2019-05-16,25.8,Rain
1234,JFK,2019-05-17,16.6,Rain
1235,JFK,2019-05-18,24.1,Rain
1236,JFK,2019-05-19,44.5,Rain
1237,JFK,2019-05-20,25.9,Rain
1238,JFK,2019-05-21,42.4,Rain
1239,JFK,2019-05-22,29.4,Sunny
1240,JFK,2019-05-23,29.4,Rain
1241,JFK,2019-05-24,46.3,Sunny
1242,JFK,2019-05-25,35.2,Sunny
1243,JFK,2019-05-26,29.4,Rain
1244,JFK,2019-05-27,24.0,Rain
1245,JFK,2019-05-28,33.3,Rain
1246,JFK,2019-05-29,25.9,Rain
1247,JFK,2019-05-30,16.6,Rain
1248,JFK,2019-05-31,27.6,Rain
1249,JFK,2019-06-01,22.2,Cloudy
1250,JFK,2019-06-02,29.5,Rain
1251,JFK,2019-06-03,33.4,Sunny
1252,JFK,2019-06-04,35.1,Sunny
1253,JFK,2019-06-05,33.3,Rain
1254,JFK,2019-06-06,22.3,Rain
1255,JFK,2019-06-07,16.5,Rain
1256,JFK,2019-06-08,36.9,Sunny
1257,JFK,2019-06-09,27.7,Sunny
1258,JFK,2019-06-10,31.6,Rain
1259,JFK,2019-06-11,40.5,Rain
1260,JFK,2019-06-12,31.6,Sunny
1261,JFK,2019-06-13,35.3,Rain
1262,JFK,2019-06-14,37.0,Rain
1263,JFK,2019-06-15,42.4,Sunny
1264,JFK,2019-06-16,27.6,Rain
1265,JFK,2019-06-17,18.3,Sunny
1266,JFK,2019-06-18,18.3,Rain
1267,JFK,2019-06-19,20.5,Rain
1268,JFK,2019-06-20,27.7,Rain
1269,JFK,2019-06-21,37.0,Rain
1270,JFK,2019-06-22,36.9,Rain
1271,JFK,2019-06-23,29.4,Sunny
1272,JFK,2019-06-24,25.8,Sunny
1273,JFK,2019-06-25,16.5,Rain
1274,JFK,2019-06-26,25.8,Sunny
1275,JFK,2019-06-27,24.0,Sunny
1276,JFK,2019-06-28,20.5,Sunny
1277,JFK,2019-06-29,27.7,Rain
1278,JFK,2019-06-30,42.3,Rain
1279,JFK,2019-07-01,31.5,Rain
1280,JFK,2019-07-02,24.0,Sunny
1281,JFK,2019-07-03,18.3,Rain
1282,JFK,2019-07-04,20.5,Rain
1283,JFK,2019-07-05,18.3,Cloudy
1284,JFK,2019-07-06,38.6,Rain
1285,JFK,2019-07-07,27.7,Sunny
1286,JFK,2019-07-08,14.7,Rain
1287,JFK,2019-07-09,25.8,Sunny
1288,JFK,2019-07-10,31.5,Rain
1289,JFK,2019-07-11,25.9,Rain
1290,JFK,2019-07-12,31.6,Rain
1291,JFK,2019-07-13,27.6,Sunny
1292,JFK,2019-07-14,29.4,Sunny
1293,JFK,2019-07-15,27.6,Rain
1294,JFK,2019-07-16,33.3,Sunny
1295,JFK,2019-07-17,38.7,Rain
1296,JFK,2019-07-18,20.6,Rain
1297,JFK,2019-07-19,25.8,Sunny
1298,JFK,2019-07-20,33.3,Sunny
1299,JFK,2019-07-21,27.7,Sunny
1300,JFK,2019-07-22,38.5,Rain
1301,JFK,2019-07-23,25.8,Rain
1302,JFK,2019-07-24,22.2,Rain
1303,JFK,2019-07-25,20.5,Rain
1304,JFK,2019-07-26,20.5,Rain
1305,JFK,2019-07-27,27.6,Sunny
1306,JFK,2019-07-28,27.7,Sunny
1307,JFK,2019-07-29,31.6,Sunny
1308,JFK,2019-07-30,33.4,Rain
1309,JFK,2019-07-31,27.6,Rain
1310,JFK,2019-08-01,20.4,Sunny
1311,JFK,2019-08-02,20.5,Sunny
1312,JFK,2019-08-03,25.9,Sunny
1313,JFK,2019-08-04,38.8,Rain
1314,JFK,2019-08-05,18.3,Sunny
1315,JFK,2019-08-06,18.3,Rain
1316,JFK,2019-08-07,35.2,Rain
1317,JFK,2019-08-08,29.5,Rain
1318,JFK,2019-08-09,22.3,Rain
1319,JFK,2019-08-10,29.4,Sunny
1320,JFK,2019-08-11,27.6,Sunny
1321,JFK,2019-08-12,31.6,Sunny
1322,JFK,2019-08-13,22.3,Rain
1323,JFK,2019-08-14,18.4,Rain
1324,JFK,2019-08-15,22.3,Sunny
1325,JFK,2019-08-16,16.5,Sunny
1326,JFK,2019-08-17,18.3,Sunny
1327,JFK,2019-08-18,29.4,Rain
1328,JFK,2019-08-19,31.6,Rain
1329,JFK,2019-08-20,20.5,Sunny
1330,JFK,2019-08-21,31.6,Rain
1331,JFK,2019-08-22,27.7,Rain
1332,JFK,2019-08-23,22.2,Rain
1333,JFK,2019-08-24,24.0,Sunny
1334,JFK,2019-08-25,33.5,Sunny
1335,JFK,2019-08-26,27.6,Sunny
1336,JFK,2019-08-27,18.3,Sunny
1337,JFK,2019-08-28,16.6,Rain
1338,JFK,2019-08-29,29.4,Sunny
1339,JFK,2019-08-30,24.1,Sunny
1340,JFK,2019-08-31,22.3,Sunny
1341,JFK,2019-09-01,24.1,Sunny
1342,JFK,2019-09-02,22.3,Rain
1343,JFK,2019-09-03,20.5,Sunny
1344,JFK,2019-09-04,25.9,Rain
1345,JFK,2019-09-05,27.6,Sunny
1346,JFK,2019-09-06,37.0,Rain
1347,JFK,2019-09-07,33.4,Rain
1348,JFK,2019-09-08,20.4,Sunny
1349,JFK,2019-09-09,22.3,Sunny
1350,JFK,2019-09-10,27.6,Sunny
1351,JFK,2019-09-11,29.4,Sunny
1352,JFK,2019-09-12,27.7,Rain
1353,JFK,2019-09-13,31.6,Sunny
1354,JFK,2019-09-14,31.6,Sunny
1355,JFK,2019-09-15,18.3,Sunny
1356,JFK,2019-09-16,14.7,Sunny
1357,JFK,2019-09-17,25.9,Sunny
1358,JFK,2019-09-18,24.1,Sunny
1359,JFK,2019-09-19,20.5,Sunny
1360,JFK,2019-09-20,22.3,Sunny
1361,JFK,2019-09-21,16.5,Sunny
1362,JFK,2019-09-22,31.6,Sunny
1363,JFK,2019-09-23,29.4,Sunny
1364,JFK,2019-09-24,35.1,Rain
1365,JFK,2019-09-25,25.8,Sunny
1366,JFK,2019-09-26,40.5,Sunny
1367,JFK,2019-09-27,24.1,Sunny
1368,JFK,2019-09-28,33.4,Sunny
1369,JFK,2019-09-29,35.2,Sunny
1370,JFK,2019-09-30,22.3,Sunny
1371,JFK,2019-10-01,25.9,Sunny
1372,JFK,2019-10-02,35.2,Rain
1373,JFK,2019-10-03,33.5,Rain
1374,JFK,2019-10-04,51.7,Rain
1375,JFK,2019-10-05,29.5,Sunny
1376,JFK,2019-10-06,33.4,Sunny
1377,JFK,2019-10-07,37.0,Sunny
1378,JFK,2019-10-08,27.7,Rain
1379,JFK,2019-10-09,37.0,Rain
1380,JFK,2019-10-10,42.4,Sunny
1381,JFK,2019-10-11,38.7,Sunny
1382,JFK,2019-10-12,22.3,Cloudy
1383,JFK,2019-10-13,20.5,Sunny
1384,JFK,2019-10-14,24.1,Sunny
1385,JFK,2019-10-15,20.5,Sunny
1386,JFK,2019-10-16,44.6,Rain
1387,JFK,2019-10-17,53.5,Cloudy
1388,JFK,2019-10-18,38.8,Sunny
1389,JFK,2019-10-19,20.5,Sunny
1390,JFK,2019-10-20,22.5,Rain
1391,JFK,2019-10-21,24.0,Rain
1392,JFK,2019-10-22,31.6,Rain
1393,JFK,2019-10-23,37.0,Rain
1394,JFK,2019-10-24,29.4,Sunny
1395,JFK,2019-10-25,27.6,Sunny
1396,JFK,2019-10-26,22.3,Sunny
1397,JFK,2019-10-27,39.2,Rain
1398,JFK,2019-10-28,24.1,Rain
1399,JFK,2019-10-29,18.3,Rain
1400,JFK,2019-10-30,13.0,Rain
1401,JFK,2019-10-31,57.4,Rain
1402,JFK,2019-11-01,64.6,Rain
1403,JFK,2019-11-02,18.4,Sunny
1404,JFK,2019-11-03,29.5,Sunny
1405,JFK,2019-11-04,29.5,Sunny
1406,JFK,2019-11-05,24.0,Sunny
1407,JFK,2019-11-06,25.8,Rain
1408,JFK,2019-11-07,29.4,Rain
1409,JFK,2019-11-08,44.5,Sunny
1410,JFK,2019-11-09,27.6,Sunny
1411,JFK,2019-11-10,27.6,Sunny
1412,JFK,2019-11-11,27.6,Sunny
1413,JFK,2019-11-12,40.5,Rain
1414,JFK,2019-11-13,38.8,Sunny
1415,JFK,2019-11-14,24.1,Sunny
1416,JFK,2019-11-15,33.3,Sunny
1417,JFK,2019-11-16,38.8,Sunny
1418,JFK,2019-11-17,38.8,Sunny
1419,JFK,2019-11-18,29.5,Rain
1420,JFK,2019-11-19,20.5,Rain
1421,JFK,2019-11-20,35.1,Sunny
1422,JFK,2019-11-21,20.5,Rain
1423,JFK,2019-11-22,48.1,Rain
1424,JFK,2019-11-23,31.6,Rain
1425,JFK,2019-11-24,42.4,Rain
1426,JFK,2019-11-25,24.1,Sunny
1427,JFK,2019-11-26,18.3,Sunny
1428,JFK,2019-11-27,49.8,Rain
1429,JFK,2019-11-28,57.4,Rain
1430,JFK,2019-11-29,36.9,Sunny
1431,JFK,2019-11-30,29.4,Sunny
1432,JFK,2019-12-01,40.7,Rain
1433,JFK,2019-12-02,35.3,Snow
1434,JFK,2019-12-03,42.3,Snow
1435,JFK,2019-12-04,24.1,Snow
1436,JFK,2019-12-05,42.4,Sunny
1437,JFK,2019-12-06,42.3,Sunny
1438,JFK,2019-12-07,38.7,Sunny
1439,JFK,2019-12-08,25.9,Sunny
1440,JFK,2019-12-09,40.4,Rain
1441,JFK,2019-12-10,42.2,Snow
1442,JFK,2019-12-11,37.0,Snow
1443,JFK,2019-12-12,36.9,Sunny
1444,JFK,2019-12-13,25.9,Rain
1445,JFK,2019-12-14,49.9,Rain
1446,JFK,2019-12-15,44.5,Sunny
1447,JFK,2019-12-16,25.8,Rain
1448,JFK,2019-12-17,27.8,Rain
1449,JFK,2019-12-18,44.5,Rain
1450,JFK,2019-12-19,49.9,Sunny
1451,JFK,2019-12-20,29.4,Sunny
1452,JFK,2019-12-21,20.5,Sunny
1453,JFK,2019-12-22,27.6,Sunny
1454,JFK,2019-12-23,24.1,Sunny
1455,JFK,2019-12-24,31.5,Sunny
1456,JFK,2019-12-25,12.9,Sunny
1457,JFK,2019-12-26,22.2,Cloudy
1458,JFK,2019-12-27,16.6,Rain
1459,JFK,2019-12-28,20.5,Sunny
1460,JFK,2019-12-29,18.4,Rain
1461,JFK,2019-12-30,40.5,Rain
1462,JFK,2019-12-31,27.7,Rain
1463,LAX,2018-06-30,20.5,Sunny
1464,LAX,2018-07-01,23.8,Sunny
1465,LAX,2018-07-02,26.7,Sunny
1466,LAX,2018-07-03,22.1,Sunny
1467,LAX,2018-07-04,22.1,Sunny
1468,LAX,2018-07-05,28.4,Sunny
1469,LAX,2018-07-06,34.0,Sunny
1470,LAX,2018-07-07,18.0,Sunny
1471,LAX,2018-07-08,20.4,Sunny
1472,LAX,2018-07-09,20.0,Sunny
1473,LAX,2018-07-10,27.3,Sunny
1474,LAX,2018-07-11,27.3,Sunny
1475,LAX,2018-07-12,29.0,Sunny
1476,LAX,2018-07-13,31.2,Sunny
1477,LAX,2018-07-14,23.8,Sunny
1478,LAX,2018-07-15,22.0,Sunny
1479,LAX,2018-07-16,27.3,Sunny
1480,LAX,2018-07-17,25.4,Cloudy
1481,LAX,2018-07-18,22.0,Cloudy
1482,LAX,2018-07-19,27.0,Sunny
1483,LAX,2018-07-20,21.9,Sunny
1484,LAX,2018-07-21,32.4,Sunny
1485,LAX,2018-07-22,28.6,Sunny
1486,LAX,2018-07-23,28.7,Sunny
1487,LAX,2018-07-24,23.6,Sunny
1488,LAX,2018-07-25,25.3,Sunny
1489,LAX,2018-07-26,21.8,Sunny
1490,LAX,2018-07-27,23.3,Cloudy
1491,LAX,2018-07-28,23.9,Sunny
1492,LAX,2018-07-29,23.8,Sunny
1493,LAX,2018-07-30,23.7,Sunny
1494,LAX,2018-07-31,23.9,Sunny
1495,LAX,2018-08-01,24.9,Sunny
1496,LAX,2018-08-02,25.5,Sunny
1497,LAX,2018-08-03,25.2,Sunny
1498,LAX,2018-08-04,21.8,Sunny
1499,LAX,2018-08-05,21.9,Sunny
1500,LAX,2018-08-06,21.8,Sunny
1501,LAX,2018-08-07,25.1,Sunny
1502,LAX,2018-08-08,23.3,Sunny
1503,LAX,2018-08-09,23.7,Sunny
1504,LAX,2018-08-10,25.5,Sunny
1505,LAX,2018-08-11,32.8,Sunny
1506,LAX,2018-08-12,23.9,Sunny
1507,LAX,2018-08-13,25.5,Sunny
1508,LAX,2018-08-14,25.6,Sunny
1509,LAX,2018-08-15,25.5,Sunny
1510,LAX,2018-08-16,23.7,Sunny
1511,LAX,2018-08-17,23.9,Cloudy
1512,LAX,2018-08-18,23.7,Sunny
1513,LAX,2018-08-19,22.0,Sunny
1514,LAX,2018-08-20,25.3,Sunny
1515,LAX,2018-08-21,23.4,Cloudy
1516,LAX,2018-08-22,23.9,Sunny
1517,LAX,2018-08-23,26.8,Sunny
1518,LAX,2018-08-24,25.3,Sunny
1519,LAX,2018-08-25,23.7,Sunny
1520,LAX,2018-08-26,27.2,Sunny
1521,LAX,2018-08-27,25.2,Sunny
1522,LAX,2018-08-28,25.1,Sunny
1523,LAX,2018-08-29,27.0,Sunny
1524,LAX,2018-08-30,27.1,Sunny
1525,LAX,2018-08-31,21.8,Sunny
1526,LAX,2018-09-01,21.8,Sunny
1527,LAX,2018-09-02,23.7,Cloudy
1528,LAX,2018-09-03,25.6,Cloudy
1529,LAX,2018-09-04,27.1,Cloudy
1530,LAX,2018-09-05,30.5,Cloudy
1531,LAX,2018-09-06,30.5,Cloudy
1532,LAX,2018-09-07,23.4,Sunny
1533,LAX,2018-09-08,18.2,Cloudy
1534,LAX,2018-09-09,20.2,Sunny
1535,LAX,2018-09-10,21.6,Sunny
1536,LAX,2018-09-11,20.2,Sunny
1537,LAX,2018-09-12,23.5,Sunny
1538,LAX,2018-09-13,25.4,Sunny
1539,LAX,2018-09-14,28.6,Sunny
1540,LAX,2018-09-15,27.2,Sunny
1541,LAX,2018-09-16,23.6,Sunny
1542,LAX,2018-09-17,28.6,Sunny
1543,LAX,2018-09-18,23.7,Sunny
1544,LAX,2018-09-19,21.3,Sunny
1545,LAX,2018-09-20,21.8,Sunny
1546,LAX,2018-09-21,20.0,Sunny
1547,LAX,2018-09-22,32.7,Sunny
1548,LAX,2018-09-23,22.1,Sunny
1549,LAX,2018-09-24,25.3,Sunny
1550,LAX,2018-09-25,21.7,Cloudy
1551,LAX,2018-09-26,23.4,Sunny
1552,LAX,2018-09-27,21.7,Sunny
1553,LAX,2018-09-28,20.0,Cloudy
1554,LAX,2018-09-29,22.1,Sunny
1555,LAX,2018-09-30,20.2,Sunny
1556,LAX,2018-10-01,26.9,Sunny
1557,LAX,2018-10-02,29.0,Cloudy
1558,LAX,2018-10-03,20.2,Rain
1559,LAX,2018-10-04,28.9,Sunny
1560,LAX,2018-10-05,25.4,Sunny
1561,LAX,2018-10-06,24.9,Sunny
1562,LAX,2018-10-07,25.4,Sunny
1563,LAX,2018-10-08,23.7,Sunny
1564,LAX,2018-10-09,23.5,Sunny
1565,LAX,2018-10-10,25.3,Sunny
1566,LAX,2018-10-11,27.2,Sunny
1567,LAX,2018-10-12,31.1,Rain
1568,LAX,2018-10-13,23.0,Rain
1569,LAX,2018-10-14,18.2,Sunny
1570,LAX,2018-10-15,23.7,Sunny
1571,LAX,2018-10-16,30.9,Sunny
1572,LAX,2018-10-17,25.4,Sunny
1573,LAX,2018-10-18,23.5,Sunny
1574,LAX,2018-10-19,24.8,Sunny
1575,LAX,2018-10-20,23.3,Sunny
1576,LAX,2018-10-21,21.7,Sunny
1577,LAX,2018-10-22,21.9,Sunny
1578,LAX,2018-10-23,22.1,Sunny
1579,LAX,2018-10-24,20.2,Sunny
1580,LAX,2018-10-25,21.9,Sunny
1581,LAX,2018-10-26,20.1,Sunny
1582,LAX,2018-10-27,23.5,Sunny
1583,LAX,2018-10-28,20.2,Cloudy
1584,LAX,2018-10-29,14.7,Sunny
1585,LAX,2018-10-30,23.9,Sunny
1586,LAX,2018-10-31,23.2,Sunny
1587,LAX,2018-11-01,19.7,Sunny
1588,LAX,2018-11-02,17.7,Sunny
1589,LAX,2018-11-03,21.4,Sunny
1590,LAX,2018-11-04,19.8,Sunny
1591,LAX,2018-11-05,19.8,Sunny
1592,LAX,2018-11-06,20.2,Sunny
1593,LAX,2018-11-07,23.5,Cloudy
1594,LAX,2018-11-08,16.2,Sunny
1595,LAX,2018-11-09,18.0,Sunny
1596,LAX,2018-11-10,19.7,Sunny
1597,LAX,2018-11-11,17.6,Sunny
1598,LAX,2018-11-12,22.0,Sunny
1599,LAX,2018-11-13,17.8,Sunny
1600,LAX,2018-11-14,17.7,Sunny
1601,LAX,2018-11-15,21.5,Sunny
1602,LAX,2018-11-16,16.4,Sunny
1603,LAX,2018-11-17,16.4,Cloudy
1604,LAX,2018-11-18,16.2,Sunny
1605,LAX,2018-11-19,12.5,Cloudy
1606,LAX,2018-11-20,20.2,Sunny
1607,LAX,2018-11-21,20.1,Rain
1608,LAX,2018-11-22,32.5,Rain
1609,LAX,2018-11-23,23.4,Sunny
1610,LAX,2018-11-24,14.5,Sunny
1611,LAX,2018-11-25,23.3,Sunny
1612,LAX,2018-11-26,19.4,Sunny
1613,LAX,2018-11-27,20.2,Sunny
1614,LAX,2018-11-28,16.0,Rain
1615,LAX,2018-11-29,40.0,Rain
1616,LAX,2018-11-30,32.1,Rain
1617,LAX,2018-12-01,32.0,Sunny
1618,LAX,2018-12-02,30.5,Sunny
1619,LAX,2018-12-03,16.1,Sunny
1620,LAX,2018-12-04,16.0,Sunny
1621,LAX,2018-12-05,28.8,Rain
1622,LAX,2018-12-06,26.9,Rain
1623,LAX,2018-12-07,21.8,Rain
1624,LAX,2018-12-08,16.3,Sunny
1625,LAX,2018-12-09,22.9,Sunny
1626,LAX,2018-12-10,14.3,Cloudy
1627,LAX,2018-12-11,21.3,Sunny
1628,LAX,2018-12-12,16.2,Sunny
1629,LAX,2018-12-13,15.9,Sunny
1630,LAX,2018-12-14,17.4,Cloudy
1631,LAX,2018-12-15,19.8,Sunny
1632,LAX,2018-12-16,20.4,Sunny
1633,LAX,2018-12-17,17.9,Cloudy
1634,LAX,2018-12-18,20.0,Sunny
1635,LAX,2018-12-19,18.1,Sunny
1636,LAX,2018-12-20,20.0,Sunny
1637,LAX,2018-12-21,14.6,Sunny
1638,LAX,2018-12-22,17.9,Sunny
1639,LAX,2018-12-23,17.8,Sunny
1640,LAX,2018-12-24,24.8,Cloudy
1641,LAX,2018-12-25,40.2,Sunny
1642,LAX,2018-12-26,17.7,Sunny
1643,LAX,2018-12-27,34.2,Sunny
1644,LAX,2018-12-28,19.8,Sunny
1645,LAX,2018-12-29,18.0,Sunny
1646,LAX,2018-12-30,12.8,Sunny
1647,LAX,2018-12-31,16.4,Sunny
1648,LAX,2019-01-01,28.1,Sunny
1649,LAX,2019-01-02,18.1,Sunny
1650,LAX,2019-01-03,20.0,Sunny
1651,LAX,2019-01-04,14.8,Sunny
1652,LAX,2019-01-05,23.3,Rain
1653,LAX,2019-01-06,20.2,Rain
1654,LAX,2019-01-07,23.7,Rain
1655,LAX,2019-01-08,21.5,Sunny
1656,LAX,2019-01-09,30.8,Sunny
1657,LAX,2019-01-10,18.1,Sunny
1658,LAX,2019-01-11,15.9,Sunny
1659,LAX,2019-01-12,28.4,Rain
1660,LAX,2019-01-13,14.1,Sunny
1661,LAX,2019-01-14,23.1,Rain
1662,LAX,2019-01-15,22.0,Rain
1663,LAX,2019-01-16,21.9,Rain
1664,LAX,2019-01-17,32.8,Rain
1665,LAX,2019-01-18,16.3,Sunny
1666,LAX,2019-01-19,17.7,Sunny
1667,LAX,2019-01-20,35.3,Sunny
1668,LAX,2019-01-21,50.1,Sunny
1669,LAX,2019-01-22,30.1,Rain
1670,LAX,2019-01-23,18.1,Sunny
1671,LAX,2019-01-24,16.3,Sunny
1672,LAX,2019-01-25,21.7,Sunny
1673,LAX,2019-01-26,16.0,Sunny
1674,LAX,2019-01-27,17.3,Sunny
1675,LAX,2019-01-28,18.1,Sunny
1676,LAX,2019-01-29,20.1,Sunny
1677,LAX,2019-01-30,20.3,Sunny
1678,LAX,2019-01-31,26.7,Rain
1679,LAX,2019-02-01,16.3,Sunny
1680,LAX,2019-02-02,37.7,Rain
1681,LAX,2019-02-03,24.9,Rain
1682,LAX,2019-02-04,30.5,Rain
1683,LAX,2019-02-05,43.2,Rain
1684,LAX,2019-02-06,25.3,Sunny
1685,LAX,2019-02-07,18.2,Sunny
1686,LAX,2019-02-08,20.2,Sunny
1687,LAX,2019-02-09,18.2,Rain
1688,LAX,2019-02-10,37.3,Rain
1689,LAX,2019-02-11,25.1,Sunny
1690,LAX,2019-02-12,16.0,Sunny
1691,LAX,2019-02-13,33.1,Rain
1692,LAX,2019-02-14,34.6,Rain
1693,LAX,2019-02-15,24.8,Rain
1694,LAX,2019-02-16,46.5,Sunny
1695,LAX,2019-02-17,55.5,Rain
1696,LAX,2019-02-18,31.0,Sunny
1697,LAX,2019-02-19,23.5,Sunny
1698,LAX,2019-02-20,40.5,Rain
1699,LAX,2019-02-21,28.4,Sunny
1700,LAX,2019-02-22,34.3,Sunny
1701,LAX,2019-02-23,23.7,Sunny
1702,LAX,2019-02-24,25.4,Sunny
1703,LAX,2019-02-25,21.8,Sunny
1704,LAX,2019-02-26,23.7,Sunny
1705,LAX,2019-02-27,18.2,Sunny
1706,LAX,2019-02-28,18.2,Rain
1707,LAX,2019-03-01,18.0,Sunny
1708,LAX,2019-03-02,23.3,Rain
1709,LAX,2019-03-03,23.0,Rain
1710,LAX,2019-03-04,26.9,Sunny
1711,LAX,2019-03-05,26.7,Rain
1712,LAX,2019-03-06,23.8,Rain
1713,LAX,2019-03-07,28.9,Rain
1714,LAX,2019-03-08,44.8,Sunny
1715,LAX,2019-03-09,28.4,Sunny
1716,LAX,2019-03-10,23.7,Sunny
1717,LAX,2019-03-11,21.6,Sunny
1718,LAX,2019-03-12,44.9,Sunny
1719,LAX,2019-03-13,44.0,Rain
1720,LAX,2019-03-14,21.9,Sunny
1721,LAX,2019-03-15,20.4,Sunny
1722,LAX,2019-03-16,21.9,Sunny
1723,LAX,2019-03-17,23.7,Sunny
1724,LAX,2019-03-18,23.5,Sunny
1725,LAX,2019-03-19,18.1,Sunny
1726,LAX,2019-03-20,30.9,Rain
1727,LAX,2019-03-21,21.4,Rain
1728,LAX,2019-03-22,26.8,Sunny
1729,LAX,2019-03-23,25.2,Sunny
1730,LAX,2019-03-24,21.8,Sunny
1731,LAX,2019-03-25,32.5,Sunny
1732,LAX,2019-03-26,25.5,Sunny
1733,LAX,2019-03-27,29.0,Sunny
1734,LAX,2019-03-28,32.5,Sunny
1735,LAX,2019-03-29,29.0,Sunny
1736,LAX,2019-03-30,28.2,Sunny
1737,LAX,2019-03-31,23.2,Sunny
1738,LAX,2019-04-01,22.1,Sunny
1739,LAX,2019-04-02,27.2,Sunny
1740,LAX,2019-04-03,23.8,Sunny
1741,LAX,2019-04-04,23.4,Sunny
1742,LAX,2019-04-05,32.5,Sunny
1743,LAX,2019-04-06,27.1,Sunny
1744,LAX,2019-04-07,23.6,Sunny
1745,LAX,2019-04-08,23.7,Sunny
1746,LAX,2019-04-09,36.2,Sunny
1747,LAX,2019-04-10,39.3,Sunny
1748,LAX,2019-04-11,26.8,Sunny
1749,LAX,2019-04-12,39.5,Sunny
1750,LAX,2019-04-13,23.9,Sunny
1751,LAX,2019-04-14,21.9,Sunny
1752,LAX,2019-04-15,21.9,Sunny
1753,LAX,2019-04-16,23.9,Sunny
1754,LAX,2019-04-17,32.8,Sunny
1755,LAX,2019-04-18,28.8,Sunny
1756,LAX,2019-04-19,27.2,Cloudy
1757,LAX,2019-04-20,25.3,Sunny
1758,LAX,2019-04-21,30.7,Sunny
1759,LAX,2019-04-22,23.6,Sunny
1760,LAX,2019-04-23,18.4,Sunny
1761,LAX,2019-04-24,21.9,Sunny
1762,LAX,2019-04-25,21.9,Sunny
1763,LAX,2019-04-26,22.1,Cloudy
1764,LAX,2019-04-27,27.2,Cloudy
1765,LAX,2019-04-28,26.9,Rain
1766,LAX,2019-04-29,27.2,Rain
1767,LAX,2019-04-30,21.9,Rain
1768,LAX,2019-05-01,31.1,Sunny
1769,LAX,2019-05-02,23.7,Sunny
1770,LAX,2019-05-03,20.2,Sunny
1771,LAX,2019-05-04,25.6,Sunny
1772,LAX,2019-05-05,27.5,Sunny
1773,LAX,2019-05-06,33.6,Rain
1774,LAX,2019-05-07,21.5,Sunny
1775,LAX,2019-05-08,18.0,Sunny
1776,LAX,2019-05-09,18.1,Sunny
1777,LAX,2019-05-10,15.9,Sunny
1778,LAX,2019-05-11,30.8,Rain
1779,LAX,2019-05-12,25.7,Sunny
1780,LAX,2019-05-13,21.8,Sunny
1781,LAX,2019-05-14,25.3,Sunny
1782,LAX,2019-05-15,28.8,Sunny
1783,LAX,2019-05-16,50.0,Rain
1784,LAX,2019-05-17,39.3,Sunny
1785,LAX,2019-05-18,25.5,Sunny
1786,LAX,2019-05-19,31.0,Rain
1787,LAX,2019-05-20,36.3,Sunny
1788,LAX,2019-05-21,45.1,Sunny
1789,LAX,2019-05-22,35.8,Rain
1790,LAX,2019-05-23,20.3,Sunny
1791,LAX,2019-05-24,33.9,Sunny
1792,LAX,2019-05-25,23.6,Sunny
1793,LAX,2019-05-26,29.8,Rain
1794,LAX,2019-05-27,34.8,Sunny
1795,LAX,2019-05-28,23.7,Sunny
1796,LAX,2019-05-29,23.9,Sunny
1797,LAX,2019-05-30,21.8,Sunny
1798,LAX,2019-05-31,23.7,Sunny
1799,LAX,2019-06-01,18.2,Cloudy
1800,LAX,2019-06-02,20.2,Cloudy
1801,LAX,2019-06-03,25.4,Sunny
1802,LAX,2019-06-04,22.0,Cloudy
1803,LAX,2019-06-05,20.2,Cloudy
1804,LAX,2019-06-06,23.7,Sunny
1805,LAX,2019-06-07,25.2,Cloudy
1806,LAX,2019-06-08,23.6,Sunny
1807,LAX,2019-06-09,25.3,Sunny
1808,LAX,2019-06-10,21.8,Sunny
1809,LAX,2019-06-11,21.9,Sunny
1810,LAX,2019-06-12,23.8,Sunny
1811,LAX,2019-06-13,21.8,Cloudy
1812,LAX,2019-06-14,23.8,Sunny
1813,LAX,2019-06-15,27.0,Sunny
1814,LAX,2019-06-16,25.2,Cloudy
1815,LAX,2019-06-17,16.4,Sunny
1816,LAX,2019-06-18,21.9,Cloudy
1817,LAX,2019-06-19,27.1,Sunny
1818,LAX,2019-06-20,20.0,Cloudy
1819,LAX,2019-06-21,19.9,Sunny
1820,LAX,2019-06-22,27.1,Sunny
1821,LAX,2019-06-23,26.9,Cloudy
1822,LAX,2019-06-24,18.1,Cloudy
1823,LAX,2019-06-25,20.1,Cloudy
1824,LAX,2019-06-26,24.8,Sunny
1825,LAX,2019-06-27,27.0,Sunny
1826,LAX,2019-06-28,25.2,Sunny
1827,LAX,2019-06-29,25.2,Sunny
1828,LAX,2019-06-30,27.0,Sunny
1829,LAX,2019-07-01,25.3,Sunny
1830,LAX,2019-07-02,25.2,Sunny
1831,LAX,2019-07-03,25.1,Sunny
1832,LAX,2019-07-04,27.1,Sunny
1833,LAX,2019-07-05,22.1,Sunny
1834,LAX,2019-07-06,27.0,Cloudy
1835,LAX,2019-07-07,20.2,Sunny
1836,LAX,2019-07-08,23.4,Sunny
1837,LAX,2019-07-09,25.4,Sunny
1838,LAX,2019-07-10,23.8,Sunny
1839,LAX,2019-07-11,25.4,Sunny
1840,LAX,2019-07-12,21.8,Sunny
1841,LAX,2019-07-13,20.2,Sunny
1842,LAX,2019-07-14,23.6,Cloudy
1843,LAX,2019-07-15,20.2,Sunny
1844,LAX,2019-07-16,19.8,Sunny
1845,LAX,2019-07-17,20.0,Sunny
1846,LAX,2019-07-18,25.5,Sunny
1847,LAX,2019-07-19,25.1,Sunny
1848,LAX,2019-07-20,25.5,Sunny
1849,LAX,2019-07-21,28.9,Sunny
1850,LAX,2019-07-22,21.9,Sunny
1851,LAX,2019-07-23,25.5,Rain
1852,LAX,2019-07-24,25.5,Sunny
1853,LAX,2019-07-25,23.9,Sunny
1854,LAX,2019-07-26,25.1,Sunny
1855,LAX,2019-07-27,22.1,Sunny
1856,LAX,2019-07-28,21.9,Sunny
1857,LAX,2019-07-29,21.8,Sunny
1858,LAX,2019-07-30,23.6,Sunny
1859,LAX,2019-07-31,23.8,Sunny
1860,LAX,2019-08-01,28.5,Sunny
1861,LAX,2019-08-02,22.0,Sunny
1862,LAX,2019-08-03,21.7,Sunny
1863,LAX,2019-08-04,21.9,Sunny
1864,LAX,2019-08-05,31.1,Sunny
1865,LAX,2019-08-06,27.3,Sunny
1866,LAX,2019-08-07,23.7,Sunny
1867,LAX,2019-08-08,23.2,Sunny
1868,LAX,2019-08-09,23.5,Sunny
1869,LAX,2019-08-10,23.9,Sunny
1870,LAX,2019-08-11,25.2,Sunny
1871,LAX,2019-08-12,20.2,Sunny
1872,LAX,2019-08-13,22.0,Sunny
1873,LAX,2019-08-14,21.8,Sunny
1874,LAX,2019-08-15,26.8,Sunny
1875,LAX,2019-08-16,20.3,Sunny
1876,LAX,2019-08-17,21.9,Sunny
1877,LAX,2019-08-18,25.1,Sunny
1878,LAX,2019-08-19,25.2,Sunny
1879,LAX,2019-08-20,26.8,Sunny
1880,LAX,2019-08-21,22.0,Sunny
1881,LAX,2019-08-22,21.7,Sunny
1882,LAX,2019-08-23,24.8,Sunny
1883,LAX,2019-08-24,23.3,Sunny
1884,LAX,2019-08-25,23.3,Sunny
1885,LAX,2019-08-26,21.9,Sunny
1886,LAX,2019-08-27,21.8,Sunny
1887,LAX,2019-08-28,20.2,Sunny
1888,LAX,2019-08-29,25.4,Sunny
1889,LAX,2019-08-30,23.7,Sunny
1890,LAX,2019-08-31,25.2,Sunny
1891,LAX,2019-09-01,21.8,Sunny
1892,LAX,2019-09-02,21.9,Sunny
1893,LAX,2019-09-03,23.8,Sunny
1894,LAX,2019-09-04,25.2,Sunny
1895,LAX,2019-09-05,22.0,Sunny
1896,LAX,2019-09-06,27.0,Sunny
1897,LAX,2019-09-07,30.2,Sunny
1898,LAX,2019-09-08,21.9,Sunny
1899,LAX,2019-09-09,23.8,Sunny
1900,LAX,2019-09-10,25.8,Sunny
1901,LAX,2019-09-11,27.3,Sunny
1902,LAX,2019-09-12,27.2,Sunny
1903,LAX,2019-09-13,25.3,Sunny
1904,LAX,2019-09-14,20.2,Sunny
1905,LAX,2019-09-15,20.5,Sunny
1906,LAX,2019-09-16,22.0,Sunny
1907,LAX,2019-09-17,25.1,Sunny
1908,LAX,2019-09-18,23.7,Sunny
1909,LAX,2019-09-19,26.9,Sunny
1910,LAX,2019-09-20,25.4,Sunny
1911,LAX,2019-09-21,25.3,Sunny
1912,LAX,2019-09-22,21.9,Sunny
1913,LAX,2019-09-23,22.0,Sunny
1914,LAX,2019-09-24,30.5,Sunny
1915,LAX,2019-09-25,19.6,Sunny
1916,LAX,2019-09-26,21.6,Sunny
1917,LAX,2019-09-27,19.8,Sunny
1918,LAX,2019-09-28,26.3,Rain
1919,LAX,2019-09-29,23.5,Sunny
1920,LAX,2019-09-30,32.8,Sunny
1921,LAX,2019-10-01,22.2,Sunny
1922,LAX,2019-10-02,25.3,Sunny
1923,LAX,2019-10-03,20.2,Sunny
1924,LAX,2019-10-04,20.0,Sunny
1925,LAX,2019-10-05,20.4,Sunny
1926,LAX,2019-10-06,23.6,Sunny
1927,LAX,2019-10-07,21.8,Sunny
1928,LAX,2019-10-08,20.3,Sunny
1929,LAX,2019-10-09,21.6,Sunny
1930,LAX,2019-10-10,23.2,Sunny
1931,LAX,2019-10-11,20.2,Sunny
1932,LAX,2019-10-12,22.1,Sunny
1933,LAX,2019-10-13,20.2,Sunny
1934,LAX,2019-10-14,25.3,Sunny
1935,LAX,2019-10-15,26.9,Sunny
1936,LAX,2019-10-16,30.4,Sunny
1937,LAX,2019-10-17,27.0,Sunny
1938,LAX,2019-10-18,27.0,Sunny
1939,LAX,2019-10-19,18.1,Sunny
1940,LAX,2019-10-20,18.1,Sunny
1941,LAX,2019-10-21,23.4,Sunny
1942,LAX,2019-10-22,23.0,Sunny
1943,LAX,2019-10-23,18.1,Sunny
1944,LAX,2019-10-24,18.1,Sunny
1945,LAX,2019-10-25,23.5,Sunny
1946,LAX,2019-10-26,18.1,Sunny
1947,LAX,2019-10-27,27.0,Sunny
1948,LAX,2019-10-28,21.9,Sunny
1949,LAX,2019-10-29,18.0,Sunny
1950,LAX,2019-10-30,23.4,Sunny
1951,LAX,2019-10-31,20.0,Sunny
1952,LAX,2019-11-01,21.8,Sunny
1953,LAX,2019-11-02,19.9,Sunny
1954,LAX,2019-11-03,21.4,Sunny
1955,LAX,2019-11-04,21.4,Sunny
1956,LAX,2019-11-05,21.4,Sunny
1957,LAX,2019-11-06,16.3,Sunny
1958,LAX,2019-11-07,19.9,Sunny
1959,LAX,2019-11-08,17.7,Sunny
1960,LAX,2019-11-09,20.1,Sunny
1961,LAX,2019-11-10,19.9,Sunny
1962,LAX,2019-11-11,18.2,Sunny
1963,LAX,2019-11-12,19.7,Sunny
1964,LAX,2019-11-13,21.7,Cloudy
1965,LAX,2019-11-14,25.2,Sunny
1966,LAX,2019-11-15,25.4,Sunny
1967,LAX,2019-11-16,17.8,Sunny
1968,LAX,2019-11-17,15.9,Sunny
1969,LAX,2019-11-18,19.8,Sunny
1970,LAX,2019-11-19,23.2,Rain
1971,LAX,2019-11-20,37.7,Rain
1972,LAX,2019-11-21,14.3,Rain
1973,LAX,2019-11-22,17.4,Sunny
1974,LAX,2019-11-23,19.9,Sunny
1975,LAX,2019-11-24,20.1,Sunny
1976,LAX,2019-11-25,23.2,Sunny
1977,LAX,2019-11-26,23.0,Sunny
1978,LAX,2019-11-27,36.1,Rain
1979,LAX,2019-11-28,23.4,Rain
1980,LAX,2019-11-29,34.3,Rain
1981,LAX,2019-11-30,14.6,Rain
1982,LAX,2019-12-01,14.1,Sunny
1983,LAX,2019-12-02,16.3,Sunny
1984,LAX,2019-12-03,14.0,Rain
1985,LAX,2019-12-04,20.2,Rain
1986,LAX,2019-12-05,14.6,Sunny
1987,LAX,2019-12-06,14.4,Rain
1988,LAX,2019-12-07,16.2,Rain
1989,LAX,2019-12-08,26.8,Rain
1990,LAX,2019-12-09,23.6,Sunny
1991,LAX,2019-12-10,16.3,Sunny
1992,LAX,2019-12-11,17.9,Sunny
1993,LAX,2019-12-12,16.0,Sunny
1994,LAX,2019-12-13,18.0,Sunny
1995,LAX,2019-12-14,26.7,Sunny
1996,LAX,2019-12-15,37.5,Sunny
1997,LAX,2019-12-16,14.8,Sunny
1998,LAX,2019-12-17,21.7,Sunny
1999,LAX,2019-12-18,21.8,Sunny
2000,LAX,2019-12-19,16.0,Sunny
2001,LAX,2019-12-20,17.4,Sunny
2002,LAX,2019-12-21,13.8,Sunny
2003,LAX,2019-12-22,26.8,Rain
2004,LAX,2019-12-23,35.9,Rain
2005,LAX,2019-12-24,28.8,Sunny
2006,LAX,2019-12-25,25.8,Rain
2007,LAX,2019-12-26,26.5,Rain
2008,LAX,2019-12-27,16.3,Sunny
2009,LAX,2019-12-28,15.9,Sunny
2010,LAX,2019-12-29,13.6,Sunny
2011,LAX,2019-12-30,17.2,Sunny
2012,LAX,2019-12-31,19.9,Sunny
2013,ORD,2018-01-01,24.1,Snow
2014,ORD,2018-01-02,25.9,Sunny
2015,ORD,2018-01-03,29.5,Cloudy
2016,ORD,2018-01-04,29.5,Sunny
2017,ORD,2018-01-05,27.7,Sunny
2018,ORD,2018-01-06,18.4,Sunny
2019,ORD,2018-01-07,33.5,Snow
2020,ORD,2018-01-08,25.9,Sunny
2021,ORD,2018-01-09,20.5,Snow
2022,ORD,2018-01-10,42.5,Snow
2023,ORD,2018-01-11,37.1,Rain
2024,ORD,2018-01-12,40.7,Cloudy
2025,ORD,2018-01-13,29.5,Sunny
2026,ORD,2018-01-14,25.9,Snow
2027,ORD,2018-01-15,25.9,Snow
2028,ORD,2018-01-16,24.1,Snow
2029,ORD,2018-01-17,33.5,Snow
2030,ORD,2018-01-18,33.5,Sunny
2031,ORD,2018-01-19,35.3,Sunny
2032,ORD,2018-01-20,24.1,Snow
2033,ORD,2018-01-21,11.2,Cloudy
2034,ORD,2018-01-22,33.5,Snow
2035,ORD,2018-01-23,27.7,Snow
2036,ORD,2018-01-24,14.8,Snow
2037,ORD,2018-01-25,31.7,Snow
2038,ORD,2018-01-26,46.4,Sunny
2039,ORD,2018-01-27,42.5,Sunny
2040,ORD,2018-01-28,24.1,Sunny
2041,ORD,2018-01-29,31.7,Snow
2042,ORD,2018-01-30,38.9,Sunny
2043,ORD,2018-01-31,35.3,Cloudy
2044,ORD,2018-02-01,37.1,Sunny
2045,ORD,2018-02-02,24.1,Sunny
2046,ORD,2018-02-03,37.1,Snow
2047,ORD,2018-02-04,33.5,Snow
2048,ORD,2018-02-05,16.6,Snow
2049,ORD,2018-02-06,16.6,Snow
2050,ORD,2018-02-07,27.7,Snow
2051,ORD,2018-02-08,18.4,Snow
2052,ORD,2018-02-09,25.9,Snow
2053,ORD,2018-02-10,24.1,Snow
2054,ORD,2018-02-11,22.3,Snow
2055,ORD,2018-02-12,16.5,Snow
2056,ORD,2018-02-13,18.4,Cloudy
2057,ORD,2018-02-14,25.9,Sunny
2058,ORD,2018-02-15,16.6,Cloudy
2059,ORD,2018-02-16,25.9,Snow
2060,ORD,2018-02-17,27.7,Snow
2061,ORD,2018-02-18,29.5,Snow
2062,ORD,2018-02-19,33.5,Snow
2063,ORD,2018-02-20,36.5,Rain
2064,ORD,2018-02-21,25.7,Snow
2065,ORD,2018-02-22,25.9,Cloudy
2066,ORD,2018-02-23,25.9,Rain
2067,ORD,2018-02-24,33.5,Rain
2068,ORD,2018-02-25,42.5,Rain
2069,ORD,2018-02-26,29.5,Sunny
2070,ORD,2018-02-27,29.5,Sunny
2071,ORD,2018-02-28,27.7,Cloudy
2072,ORD,2018-03-01,37.1,Rain
2073,ORD,2018-03-02,18.3,Sunny
2074,ORD,2018-03-03,20.5,Sunny
2075,ORD,2018-03-04,29.5,Sunny
2076,ORD,2018-03-05,38.8,Rain
2077,ORD,2018-03-06,25.9,Snow
2078,ORD,2018-03-07,31.7,Sunny
2079,ORD,2018-03-08,25.9,Sunny
2080,ORD,2018-03-09,16.6,Sunny
2081,ORD,2018-03-10,18.4,Sunny
2082,ORD,2018-03-11,25.9,Sunny
2083,ORD,2018-03-12,35.3,Cloudy
2084,ORD,2018-03-13,25.9,Snow
2085,ORD,2018-03-14,33.5,Snow
2086,ORD,2018-03-15,24.1,Sunny
2087,ORD,2018-03-16,25.8,Cloudy
2088,ORD,2018-03-17,29.5,Rain
2089,ORD,2018-03-18,12.9,Sunny
2090,ORD,2018-03-19,37.1,Cloudy
2091,ORD,2018-03-20,37.1,Cloudy
2092,ORD,2018-03-21,27.7,Sunny
2093,ORD,2018-03-22,18.4,Sunny
2094,ORD,2018-03-23,25.9,Sunny
2095,ORD,2018-03-24,37.1,Cloudy
2096,ORD,2018-03-25,31.7,Sunny
2097,ORD,2018-03-26,27.7,Rain
2098,ORD,2018-03-27,22.3,Rain
2099,ORD,2018-03-28,18.4,Cloudy
2100,ORD,2018-03-29,27.7,Rain
2101,ORD,2018-03-30,24.1,Cloudy
2102,ORD,2018-03-31,42.5,Rain
2103,ORD,2018-04-01,18.4,Cloudy
2104,ORD,2018-04-02,22.3,Sunny
2105,ORD,2018-04-03,27.7,Snow
2106,ORD,2018-04-04,35.3,Snow
2107,ORD,2018-04-05,22.3,Rain
2108,ORD,2018-04-06,37.1,Rain
2109,ORD,2018-04-07,24.1,Sunny
2110,ORD,2018-04-08,18.4,Snow
2111,ORD,2018-04-09,14.8,Snow
2112,ORD,2018-04-10,24.1,Sunny
2113,ORD,2018-04-11,22.3,Rain
2114,ORD,2018-04-12,35.3,Rain
2115,ORD,2018-04-13,38.9,Rain
2116,ORD,2018-04-14,44.6,Rain
2117,ORD,2018-04-15,31.7,Snow
2118,ORD,2018-04-16,27.7,Snow
2119,ORD,2018-04-17,35.3,Sunny
2120,ORD,2018-04-18,35.3,Snow
2121,ORD,2018-04-19,20.5,Snow
2122,ORD,2018-04-20,22.3,Sunny
2123,ORD,2018-04-21,14.8,Cloudy
2124,ORD,2018-04-22,25.9,Cloudy
2125,ORD,2018-04-23,27.7,Cloudy
2126,ORD,2018-04-24,22.3,Sunny
2127,ORD,2018-04-25,40.7,Sunny
2128,ORD,2018-04-26,14.8,Sunny
2129,ORD,2018-04-27,38.8,Rain
2130,ORD,2018-04-28,31.7,Sunny
2131,ORD,2018-04-29,16.6,Sunny
2132,ORD,2018-04-30,27.7,Sunny
2133,ORD,2018-05-01,35.3,Sunny
2134,ORD,2018-05-02,37.1,Rain
2135,ORD,2018-05-03,24.1,Rain
2136,ORD,2018-05-04,48.2,Sunny
2137,ORD,2018-05-05,31.7,Sunny
2138,ORD,2018-05-06,35.3,Sunny
2139,ORD,2018-05-07,22.3,Sunny
2140,ORD,2018-05-08,22.3,Sunny
2141,ORD,2018-05-09,35.3,Rain
2142,ORD,2018-05-10,20.5,Sunny
2143,ORD,2018-05-11,31.7,Rain
2144,ORD,2018-05-12,31.7,Rain
2145,ORD,2018-05-13,29.5,Rain
2146,ORD,2018-05-14,29.5,Rain
2147,ORD,2018-05-15,33.5,Rain
2148,ORD,2018-05-16,16.6,Sunny
2149,ORD,2018-05-17,25.9,Sunny
2150,ORD,2018-05-18,24.1,Rain
2151,ORD,2018-05-19,13.0,Rain
2152,ORD,2018-05-20,35.1,Rain
2153,ORD,2018-05-21,20.5,Rain
2154,ORD,2018-05-22,16.6,Cloudy
2155,ORD,2018-05-23,14.8,Sunny
2156,ORD,2018-05-24,16.6,Sunny
2157,ORD,2018-05-25,18.4,Rain
2158,ORD,2018-05-26,20.5,Rain
2159,ORD,2018-05-27,16.6,Sunny
2160,ORD,2018-05-28,44.6,Sunny
2161,ORD,2018-05-29,16.5,Cloudy
2162,ORD,2018-05-30,25.9,Rain
2163,ORD,2018-05-31,24.1,Sunny
2164,ORD,2018-06-01,35.3,Sunny
2165,ORD,2018-06-02,22.3,Rain
2166,ORD,2018-06-03,37.1,Rain
2167,ORD,2018-06-04,27.7,Sunny
2168,ORD,2018-06-05,35.2,Rain
2169,ORD,2018-06-06,16.5,Rain
2170,ORD,2018-06-07,20.5,Cloudy
2171,ORD,2018-06-08,20.5,Rain
2172,ORD,2018-06-09,20.5,Rain
2173,ORD,2018-06-10,25.9,Rain
2174,ORD,2018-06-11,22.3,Rain
2175,ORD,2018-06-12,16.5,Rain
2176,ORD,2018-06-13,27.7,Sunny
2177,ORD,2018-06-14,16.6,Cloudy
2178,ORD,2018-06-15,18.4,Sunny
2179,ORD,2018-06-16,38.9,Rain
2180,ORD,2018-06-17,33.5,Cloudy
2181,ORD,2018-06-18,40.7,Rain
2182,ORD,2018-06-19,22.3,Rain
2183,ORD,2018-06-20,20.5,Cloudy
2184,ORD,2018-06-21,25.9,Rain
2185,ORD,2018-06-22,31.7,Rain
2186,ORD,2018-06-23,16.6,Cloudy
2187,ORD,2018-06-24,29.5,Sunny
2188,ORD,2018-06-25,25.9,Cloudy
2189,ORD,2018-06-26,25.9,Rain
2190,ORD,2018-06-27,22.3,Rain
2191,ORD,2018-06-28,18.3,Sunny
2192,ORD,2018-06-29,24.1,Sunny
2193,ORD,2018-06-30,25.9,Sunny
2194,ORD,2018-07-01,48.3,Rain
2195,ORD,2018-07-02,18.4,Sunny
2196,ORD,2018-07-03,18.4,Sunny
2197,ORD,2018-07-04,24.1,Rain
2198,ORD,2018-07-05,16.6,Rain
2199,ORD,2018-07-06,33.5,Sunny
2200,ORD,2018-07-07,20.5,Sunny
2201,ORD,2018-07-08,16.6,Sunny
2202,ORD,2018-07-09,25.9,Sunny
2203,ORD,2018-07-10,29.5,Sunny
2204,ORD,2018-07-11,20.5,Sunny
2205,ORD,2018-07-12,22.3,Sunny
2206,ORD,2018-07-13,24.1,Sunny
2207,ORD,2018-07-14,12.9,Rain
2208,ORD,2018-07-15,16.6,Sunny
2209,ORD,2018-07-16,25.9,Rain
2210,ORD,2018-07-17,25.9,Sunny
2211,ORD,2018-07-18,18.4,Sunny
2212,ORD,2018-07-19,24.1,Rain
2213,ORD,2018-07-20,29.5,Rain
2214,ORD,2018-07-21,31.7,Rain
2215,ORD,2018-07-22,37.0,Rain
2216,ORD,2018-07-23,27.7,Sunny
2217,ORD,2018-07-24,20.5,Sunny
2218,ORD,2018-07-25,16.6,Sunny
2219,ORD,2018-07-26,24.1,Rain
2220,ORD,2018-07-27,25.9,Sunny
2221,ORD,2018-07-28,16.5,Sunny
2222,ORD,2018-07-29,20.5,Rain
2223,ORD,2018-07-30,20.5,Sunny
2224,ORD,2018-07-31,22.3,Rain
2225,ORD,2018-08-01,31.6,Rain
2226,ORD,2018-08-02,24.1,Rain
2227,ORD,2018-08-03,14.8,Sunny
2228,ORD,2018-08-04,25.9,Sunny
2229,ORD,2018-08-05,37.1,Rain
2230,ORD,2018-08-06,31.7,Rain
2231,ORD,2018-08-07,22.3,Rain
2232,ORD,2018-08-08,16.5,Rain
2233,ORD,2018-08-09,29.5,Rain
2234,ORD,2018-08-10,29.5,Sunny
2235,ORD,2018-08-11,27.7,Sunny
2236,ORD,2018-08-12,22.3,Sunny
2237,ORD,2018-08-13,18.4,Sunny
2238,ORD,2018-08-14,16.5,Sunny
2239,ORD,2018-08-15,20.5,Rain
2240,ORD,2018-08-16,14.7,Rain
2241,ORD,2018-08-17,20.5,Rain
2242,ORD,2018-08-18,24.1,Sunny
2243,ORD,2018-08-19,20.5,Sunny
2244,ORD,2018-08-20,25.9,Rain
2245,ORD,2018-08-21,36.6,Rain
2246,ORD,2018-08-22,23.8,Sunny
2247,ORD,2018-08-23,22.3,Sunny
2248,ORD,2018-08-24,29.5,Rain
2249,ORD,2018-08-25,20.5,Rain
2250,ORD,2018-08-26,25.9,Sunny
2251,ORD,2018-08-27,37.1,Cloudy
2252,ORD,2018-08-28,35.3,Rain
2253,ORD,2018-08-29,29.5,Rain
2254,ORD,2018-08-30,20.5,Sunny
2255,ORD,2018-08-31,25.9,Rain
2256,ORD,2018-09-01,25.9,Rain
2257,ORD,2018-09-02,29.5,Rain
2258,ORD,2018-09-03,18.5,Rain
2259,ORD,2018-09-04,18.4,Sunny
2260,ORD,2018-09-05,29.5,Rain
2261,ORD,2018-09-06,31.7,Rain
2262,ORD,2018-09-07,29.5,Rain
2263,ORD,2018-09-08,33.5,Cloudy
2264,ORD,2018-09-09,40.6,Sunny
2265,ORD,2018-09-10,20.5,Sunny
2266,ORD,2018-09-11,16.6,Sunny
2267,ORD,2018-09-12,18.4,Sunny
2268,ORD,2018-09-13,18.3,Sunny
2269,ORD,2018-09-14,20.5,Sunny
2270,ORD,2018-09-15,20.5,Sunny
2271,ORD,2018-09-16,22.3,Sunny
2272,ORD,2018-09-17,13.0,Sunny
2273,ORD,2018-09-18,24.1,Rain
2274,ORD,2018-09-19,22.3,Rain
2275,ORD,2018-09-20,25.9,Sunny
2276,ORD,2018-09-21,37.1,Cloudy
2277,ORD,2018-09-22,31.7,Sunny
2278,ORD,2018-09-23,16.6,Sunny
2279,ORD,2018-09-24,16.6,Rain
2280,ORD,2018-09-25,25.9,Rain
2281,ORD,2018-09-26,25.9,Sunny
2282,ORD,2018-09-27,22.3,Sunny
2283,ORD,2018-09-28,18.4,Rain
2284,ORD,2018-09-29,14.8,Rain
2285,ORD,2018-09-30,20.5,Rain
2286,ORD,2018-10-01,22.3,Rain
2287,ORD,2018-10-02,16.5,Rain
2288,ORD,2018-10-03,33.5,Cloudy
2289,ORD,2018-10-04,37.1,Rain
2290,ORD,2018-10-05,22.3,Rain
2291,ORD,2018-10-06,20.5,Rain
2292,ORD,2018-10-07,25.9,Rain
2293,ORD,2018-10-08,29.5,Rain
2294,ORD,2018-10-09,24.1,Rain
2295,ORD,2018-10-10,37.1,Rain
2296,ORD,2018-10-11,37.1,Sunny
2297,ORD,2018-10-12,18.3,Sunny
2298,ORD,2018-10-13,22.3,Sunny
2299,ORD,2018-10-14,20.5,Rain
2300,ORD,2018-10-15,27.7,Rain
2301,ORD,2018-10-16,33.5,Sunny
2302,ORD,2018-10-17,31.7,Sunny
2303,ORD,2018-10-18,18.4,Sunny
2304,ORD,2018-10-19,27.7,Rain
2305,ORD,2018-10-20,40.7,Sunny
2306,ORD,2018-10-21,25.9,Sunny
2307,ORD,2018-10-22,18.3,Sunny
2308,ORD,2018-10-23,22.3,Sunny
2309,ORD,2018-10-24,11.2,Sunny
2310,ORD,2018-10-25,16.6,Cloudy
2311,ORD,2018-10-26,22.3,Cloudy
2312,ORD,2018-10-27,14.8,Cloudy
2313,ORD,2018-10-28,33.5,Rain
2314,ORD,2018-10-29,18.4,Sunny
2315,ORD,2018-10-30,18.4,Rain
2316,ORD,2018-10-31,22.3,Rain
2317,ORD,2018-11-01,35.3,Cloudy
2318,ORD,2018-11-02,20.5,Cloudy
2319,ORD,2018-11-03,18.4,Rain
2320,ORD,2018-11-04,27.7,Rain
2321,ORD,2018-11-05,27.7,Rain
2322,ORD,2018-11-06,42.5,Rain
2323,ORD,2018-11-07,38.9,Cloudy
2324,ORD,2018-11-08,16.6,Cloudy
2325,ORD,2018-11-09,29.5,Snow
2326,ORD,2018-11-10,33.5,Snow
2327,ORD,2018-11-11,20.5,Cloudy
2328,ORD,2018-11-12,24.1,Cloudy
2329,ORD,2018-11-13,24.1,Sunny
2330,ORD,2018-11-14,14.8,Sunny
2331,ORD,2018-11-15,16.6,Snow
2332,ORD,2018-11-16,24.1,Snow
2333,ORD,2018-11-17,22.3,Snow
2334,ORD,2018-11-18,14.8,Snow
2335,ORD,2018-11-19,24.1,Cloudy
2336,ORD,2018-11-20,27.7,Cloudy
2337,ORD,2018-11-21,25.9,Cloudy
2338,ORD,2018-11-22,20.5,Sunny
2339,ORD,2018-11-23,31.7,Rain
2340,ORD,2018-11-24,27.7,Rain
2341,ORD,2018-11-25,50.0,Snow
2342,ORD,2018-11-26,61.2,Snow
2343,ORD,2018-11-27,20.5,Cloudy
2344,ORD,2018-11-28,14.8,Snow
2345,ORD,2018-11-29,16.6,Snow
2346,ORD,2018-11-30,18.3,Cloudy
2347,ORD,2018-12-01,33.5,Rain
2348,ORD,2018-12-02,25.9,Rain
2349,ORD,2018-12-03,31.7,Rain
2350,ORD,2018-12-04,18.4,Cloudy
2351,ORD,2018-12-05,24.1,Cloudy
2352,ORD,2018-12-06,25.9,Sunny
2353,ORD,2018-12-07,25.9,Sunny
2354,ORD,2018-12-08,13.0,Sunny
2355,ORD,2018-12-09,13.0,Sunny
2356,ORD,2018-12-10,18.4,Sunny
2357,ORD,2018-12-11,18.4,Sunny
2358,ORD,2018-12-12,33.5,Cloudy
2359,ORD,2018-12-13,14.8,Rain
2360,ORD,2018-12-14,16.5,Rain
2361,ORD,2018-12-15,20.5,Sunny
2362,ORD,2018-12-16,22.3,Sunny
2363,ORD,2018-12-17,25.9,Sunny
2364,ORD,2018-12-18,18.4,Sunny
2365,ORD,2018-12-19,24.1,Cloudy
2366,ORD,2018-12-20,22.3,Rain
2367,ORD,2018-12-21,29.5,Rain
2368,ORD,2018-12-22,18.4,Cloudy
2369,ORD,2018-12-23,35.3,Cloudy
2370,ORD,2018-12-24,22.3,Sunny
2371,ORD,2018-12-25,14.8,Rain
2372,ORD,2018-12-26,22.3,Sunny
2373,ORD,2018-12-27,33.5,Rain
2374,ORD,2018-12-28,37.1,Snow
2375,ORD,2018-12-29,27.7,Snow
2376,ORD,2018-12-30,27.7,Snow
2377,ORD,2018-12-31,29.5,Rain
2378,ORD,2019-01-01,20.5,Snow
2379,ORD,2019-01-02,25.9,Snow
2380,ORD,2019-01-03,27.7,Sunny
2381,ORD,2019-01-04,20.5,Sunny
2382,ORD,2019-01-05,25.9,Sunny
2383,ORD,2019-01-06,33.5,Sunny
2384,ORD,2019-01-07,35.3,Rain
2385,ORD,2019-01-08,46.4,Sunny
2386,ORD,2019-01-09,33.5,Sunny
2387,ORD,2019-01-10,20.5,Sunny
2388,ORD,2019-01-11,14.8,Cloudy
2389,ORD,2019-01-12,31.7,Snow
2390,ORD,2019-01-13,27.7,Snow
2391,ORD,2019-01-14,20.5,Cloudy
2392,ORD,2019-01-15,25.9,Cloudy
2393,ORD,2019-01-16,22.3,Cloudy
2394,ORD,2019-01-17,14.8,Snow
2395,ORD,2019-01-18,25.9,Snow
2396,ORD,2019-01-19,44.6,Snow
2397,ORD,2019-01-20,29.5,Snow
2398,ORD,2019-01-21,24.1,Sunny
2399,ORD,2019-01-22,24.1,Snow
2400,ORD,2019-01-23,25.9,Snow
2401,ORD,2019-01-24,31.7,Snow
2402,ORD,2019-01-25,24.1,Snow
2403,ORD,2019-01-26,18.3,Snow
2404,ORD,2019-01-27,18.4,Snow
2405,ORD,2019-01-28,33.5,Snow
2406,ORD,2019-01-29,33.5,Snow
2407,ORD,2019-01-30,33.5,Sunny
2408,ORD,2019-01-31,18.4,Snow
2409,ORD,2019-02-01,16.6,Snow
2410,ORD,2019-02-02,24.1,Cloudy
2411,ORD,2019-02-03,22.3,Cloudy
2412,ORD,2019-02-04,25.9,Snow
2413,ORD,2019-02-05,25.6,Snow
2414,ORD,2019-02-06,22.4,Rain
2415,ORD,2019-02-07,40.7,Rain
2416,ORD,2019-02-08,46.4,Sunny
2417,ORD,2019-02-09,18.3,Sunny
2418,ORD,2019-02-10,18.3,Snow
2419,ORD,2019-02-11,27.7,Snow
2420,ORD,2019-02-12,33.5,Snow
2421,ORD,2019-02-13,31.7,Snow
2422,ORD,2019-02-14,27.7,Sunny
2423,ORD,2019-02-15,31.7,Sunny
2424,ORD,2019-02-16,22.3,Snow
2425,ORD,2019-02-17,25.9,Snow
2426,ORD,2019-02-18,22.3,Snow
2427,ORD,2019-02-19,14.8,Sunny
2428,ORD,2019-02-20,29.5,Rain
2429,ORD,2019-02-21,29.5,Sunny
2430,ORD,2019-02-22,20.5,Snow
2431,ORD,2019-02-23,31.5,Rain
2432,ORD,2019-02-24,53.6,Snow
2433,ORD,2019-02-25,37.1,Sunny
2434,ORD,2019-02-26,24.1,Sunny
2435,ORD,2019-02-27,25.9,Snow
2436,ORD,2019-02-28,16.6,Sunny
2437,ORD,2019-03-01,16.6,Sunny
2438,ORD,2019-03-02,22.3,Sunny
2439,ORD,2019-03-03,27.7,Sunny
2440,ORD,2019-03-04,35.3,Sunny
2441,ORD,2019-03-05,31.7,Sunny
2442,ORD,2019-03-06,31.7,Sunny
2443,ORD,2019-03-07,18.4,Sunny
2444,ORD,2019-03-08,13.0,Sunny
2445,ORD,2019-03-09,38.9,Rain
2446,ORD,2019-03-10,44.6,Sunny
2447,ORD,2019-03-11,25.9,Sunny
2448,ORD,2019-03-12,27.7,Sunny
2449,ORD,2019-03-13,29.5,Rain
2450,ORD,2019-03-14,55.4,Rain
2451,ORD,2019-03-15,33.5,Sunny
2452,ORD,2019-03-16,20.5,Sunny
2453,ORD,2019-03-17,22.3,Sunny
2454,ORD,2019-03-18,22.3,Sunny
2455,ORD,2019-03-19,22.3,Sunny
2456,ORD,2019-03-20,22.3,Rain
2457,ORD,2019-03-21,25.9,Sunny
2458,ORD,2019-03-22,33.5,Sunny
2459,ORD,2019-03-23,13.0,Sunny
2460,ORD,2019-03-24,35.3,Rain
2461,ORD,2019-03-25,38.9,Sunny
2462,ORD,2019-03-26,18.3,Sunny
2463,ORD,2019-03-27,29.5,Rain
2464,ORD,2019-03-28,27.7,Rain
2465,ORD,2019-03-29,20.5,Rain
2466,ORD,2019-03-30,37.1,Rain
2467,ORD,2019-03-31,31.7,Sunny
2468,ORD,2019-04-01,37.1,Sunny
2469,ORD,2019-04-02,31.7,Sunny
2470,ORD,2019-04-03,27.7,Sunny
2471,ORD,2019-04-04,24.1,Rain
2472,ORD,2019-04-05,20.5,Rain
2473,ORD,2019-04-06,20.5,Sunny
2474,ORD,2019-04-07,25.9,Rain
2475,ORD,2019-04-08,20.5,Sunny
2476,ORD,2019-04-09,38.9,Sunny
2477,ORD,2019-04-10,35.3,Rain
2478,ORD,2019-04-11,37.1,Rain
2479,ORD,2019-04-12,42.5,Rain
2480,ORD,2019-04-13,29.5,Sunny
2481,ORD,2019-04-14,42.5,Snow
2482,ORD,2019-04-15,18.4,Snow
2483,ORD,2019-04-16,33.4,Sunny
2484,ORD,2019-04-17,35.3,Sunny
2485,ORD,2019-04-18,27.7,Rain
2486,ORD,2019-04-19,53.6,Sunny
2487,ORD,2019-04-20,40.6,Sunny
2488,ORD,2019-04-21,24.1,Sunny
2489,ORD,2019-04-22,33.5,Rain
2490,ORD,2019-04-23,29.5,Cloudy
2491,ORD,2019-04-24,16.5,Sunny
2492,ORD,2019-04-25,33.5,Rain
2493,ORD,2019-04-26,38.9,Rain
2494,ORD,2019-04-27,38.9,Snow
2495,ORD,2019-04-28,27.7,Snow
2496,ORD,2019-04-29,29.5,Rain
2497,ORD,2019-04-30,33.5,Rain
2498,ORD,2019-05-01,24.1,Rain
2499,ORD,2019-05-02,22.3,Rain
2500,ORD,2019-05-03,29.5,Rain
2501,ORD,2019-05-04,14.8,Sunny
2502,ORD,2019-05-05,20.5,Sunny
2503,ORD,2019-05-06,31.6,Rain
2504,ORD,2019-05-07,31.7,Rain
2505,ORD,2019-05-08,29.5,Rain
2506,ORD,2019-05-09,35.3,Rain
2507,ORD,2019-05-10,24.1,Sunny
2508,ORD,2019-05-11,20.5,Rain
2509,ORD,2019-05-12,25.9,Rain
2510,ORD,2019-05-13,20.5,Sunny
2511,ORD,2019-05-14,20.5,Sunny
2512,ORD,2019-05-15,14.8,Sunny
2513,ORD,2019-05-16,24.1,Rain
2514,ORD,2019-05-17,35.3,Rain
2515,ORD,2019-05-18,20.5,Rain
2516,ORD,2019-05-19,40.7,Rain
2517,ORD,2019-05-20,27.7,Cloudy
2518,ORD,2019-05-21,37.1,Rain
2519,ORD,2019-05-22,38.9,Rain
2520,ORD,2019-05-23,31.7,Rain
2521,ORD,2019-05-24,24.0,Rain
2522,ORD,2019-05-25,29.5,Rain
2523,ORD,2019-05-26,22.3,Rain
2524,ORD,2019-05-27,27.7,Rain
2525,ORD,2019-05-28,29.5,Rain
2526,ORD,2019-05-29,25.9,Rain
2527,ORD,2019-05-30,22.3,Rain
2528,ORD,2019-05-31,27.7,Sunny
2529,ORD,2019-06-01,24.1,Rain
2530,ORD,2019-06-02,24.1,Sunny
2531,ORD,2019-06-03,20.5,Sunny
2532,ORD,2019-06-04,29.5,Rain
2533,ORD,2019-06-05,31.6,Rain
2534,ORD,2019-06-06,18.3,Cloudy
2535,ORD,2019-06-07,24.1,Sunny
2536,ORD,2019-06-08,24.1,Sunny
2537,ORD,2019-06-09,14.8,Sunny
2538,ORD,2019-06-10,35.3,Sunny
2539,ORD,2019-06-11,22.3,Sunny
2540,ORD,2019-06-12,22.3,Rain
2541,ORD,2019-06-13,35.3,Rain
2542,ORD,2019-06-14,38.9,Rain
2543,ORD,2019-06-15,22.3,Rain
2544,ORD,2019-06-16,24.1,Rain
2545,ORD,2019-06-17,16.5,Cloudy
2546,ORD,2019-06-18,14.7,Sunny
2547,ORD,2019-06-19,29.5,Rain
2548,ORD,2019-06-20,27.7,Rain
2549,ORD,2019-06-21,22.3,Sunny
2550,ORD,2019-06-22,33.5,Sunny
2551,ORD,2019-06-23,25.9,Rain
2552,ORD,2019-06-24,25.9,Rain
2553,ORD,2019-06-25,37.0,Rain
2554,ORD,2019-06-26,20.5,Rain
2555,ORD,2019-06-27,35.2,Rain
2556,ORD,2019-06-28,29.5,Rain
2557,ORD,2019-06-29,18.3,Sunny
2558,ORD,2019-06-30,71.7,Rain
2559,ORD,2019-07-01,20.5,Sunny
2560,ORD,2019-07-02,24.1,Rain
2561,ORD,2019-07-03,18.4,Rain
2562,ORD,2019-07-04,24.1,Sunny
2563,ORD,2019-07-05,18.4,Rain
2564,ORD,2019-07-06,37.0,Rain
2565,ORD,2019-07-07,29.5,Sunny
2566,ORD,2019-07-08,18.4,Sunny
2567,ORD,2019-07-09,20.5,Sunny
2568,ORD,2019-07-10,27.7,Rain
2569,ORD,2019-07-11,22.3,Sunny
2570,ORD,2019-07-12,18.4,Sunny
2571,ORD,2019-07-13,24.1,Rain
2572,ORD,2019-07-14,22.3,Sunny
2573,ORD,2019-07-15,31.7,Sunny
2574,ORD,2019-07-16,18.3,Rain
2575,ORD,2019-07-17,16.6,Rain
2576,ORD,2019-07-18,37.1,Rain
2577,ORD,2019-07-19,24.1,Sunny
2578,ORD,2019-07-20,37.1,Rain
2579,ORD,2019-07-21,33.5,Rain
2580,ORD,2019-07-22,33.5,Sunny
2581,ORD,2019-07-23,22.3,Sunny
2582,ORD,2019-07-24,16.6,Sunny
2583,ORD,2019-07-25,14.8,Sunny
2584,ORD,2019-07-26,24.1,Sunny
2585,ORD,2019-07-27,33.5,Sunny
2586,ORD,2019-07-28,27.7,Sunny
2587,ORD,2019-07-29,24.1,Rain
2588,ORD,2019-07-30,20.5,Sunny
2589,ORD,2019-07-31,24.1,Sunny
2590,ORD,2019-08-01,18.4,Sunny
2591,ORD,2019-08-02,16.6,Sunny
2592,ORD,2019-08-03,16.5,Sunny
2593,ORD,2019-08-04,16.5,Sunny
2594,ORD,2019-08-05,25.9,Sunny
2595,ORD,2019-08-06,24.1,Rain
2596,ORD,2019-08-07,22.3,Sunny
2597,ORD,2019-08-08,33.5,Rain
2598,ORD,2019-08-09,16.5,Sunny
2599,ORD,2019-08-10,18.4,Sunny
2600,ORD,2019-08-11,22.3,Sunny
2601,ORD,2019-08-12,16.5,Rain
2602,ORD,2019-08-13,20.5,Rain
2603,ORD,2019-08-14,27.7,Rain
2604,ORD,2019-08-15,20.5,Sunny
2605,ORD,2019-08-16,22.3,Rain
2606,ORD,2019-08-17,14.8,Rain
2607,ORD,2019-08-18,25.9,Rain
2608,ORD,2019-08-19,14.8,Sunny
2609,ORD,2019-08-20,27.7,Rain
2610,ORD,2019-08-21,20.5,Rain
2611,ORD,2019-08-22,29.5,Sunny
2612,ORD,2019-08-23,29.5,Sunny
2613,ORD,2019-08-24,25.9,Sunny
2614,ORD,2019-08-25,25.9,Sunny
2615,ORD,2019-08-26,29.5,Rain
2616,ORD,2019-08-27,22.3,Sunny
2617,ORD,2019-08-28,38.9,Sunny
2618,ORD,2019-08-29,33.5,Sunny
2619,ORD,2019-08-30,18.4,Sunny
2620,ORD,2019-08-31,27.7,Rain
2621,ORD,2019-09-01,22.3,Rain
2622,ORD,2019-09-02,18.3,Sunny
2623,ORD,2019-09-03,33.5,Rain
2624,ORD,2019-09-04,18.4,Sunny
2625,ORD,2019-09-05,16.6,Sunny
2626,ORD,2019-09-06,27.7,Sunny
2627,ORD,2019-09-07,24.1,Sunny
2628,ORD,2019-09-08,20.5,Rain
2629,ORD,2019-09-09,18.4,Rain
2630,ORD,2019-09-10,29.5,Rain
2631,ORD,2019-09-11,35.2,Rain
2632,ORD,2019-09-12,18.3,Rain
2633,ORD,2019-09-13,38.9,Rain
2634,ORD,2019-09-14,18.4,Sunny
2635,ORD,2019-09-15,24.1,Rain
2636,ORD,2019-09-16,18.3,Sunny
2637,ORD,2019-09-17,16.6,Sunny
2638,ORD,2019-09-18,20.5,Sunny
2639,ORD,2019-09-19,20.5,Sunny
2640,ORD,2019-09-20,14.7,Rain
2641,ORD,2019-09-21,29.5,Rain
2642,ORD,2019-09-22,24.1,Rain
2643,ORD,2019-09-23,31.7,Rain
2644,ORD,2019-09-24,31.7,Sunny
2645,ORD,2019-09-25,29.5,Sunny
2646,ORD,2019-09-26,22.3,Sunny
2647,ORD,2019-09-27,27.7,Rain
2648,ORD,2019-09-28,31.7,Rain
2649,ORD,2019-09-29,22.3,Rain
2650,ORD,2019-09-30,25.9,Sunny
2651,ORD,2019-10-01,22.3,Sunny
2652,ORD,2019-10-02,27.7,Rain
2653,ORD,2019-10-03,27.7,Rain
2654,ORD,2019-10-04,27.7,Sunny
2655,ORD,2019-10-05,25.9,Rain
2656,ORD,2019-10-06,22.3,Sunny
2657,ORD,2019-10-07,25.9,Sunny
2658,ORD,2019-10-08,16.5,Sunny
2659,ORD,2019-10-09,20.5,Sunny
2660,ORD,2019-10-10,20.5,Rain
2661,ORD,2019-10-11,31.7,Rain
2662,ORD,2019-10-12,35.3,Sunny
2663,ORD,2019-10-13,33.5,Sunny
2664,ORD,2019-10-14,24.1,Sunny
2665,ORD,2019-10-15,29.5,Sunny
2666,ORD,2019-10-16,35.3,Cloudy
2667,ORD,2019-10-17,14.8,Sunny
2668,ORD,2019-10-18,20.5,Sunny
2669,ORD,2019-10-19,22.3,Sunny
2670,ORD,2019-10-20,16.6,Sunny
2671,ORD,2019-10-21,42.5,Rain
2672,ORD,2019-10-22,40.7,Rain
2673,ORD,2019-10-23,27.7,Rain
2674,ORD,2019-10-24,20.5,Rain
2675,ORD,2019-10-25,11.2,Sunny
2676,ORD,2019-10-26,40.7,Rain
2677,ORD,2019-10-27,33.5,Rain
2678,ORD,2019-10-28,14.8,Sunny
2679,ORD,2019-10-29,27.7,Snow
2680,ORD,2019-10-30,29.5,Snow
2681,ORD,2019-10-31,37.0,Snow
2682,ORD,2019-11-01,25.9,Snow
2683,ORD,2019-11-02,27.7,Sunny
2684,ORD,2019-11-03,24.1,Sunny
2685,ORD,2019-11-04,24.1,Sunny
2686,ORD,2019-11-05,24.1,Sunny
2687,ORD,2019-11-06,29.5,Snow
2688,ORD,2019-11-07,27.7,Snow
2689,ORD,2019-11-08,16.6,Sunny
2690,ORD,2019-11-09,27.7,Sunny
2691,ORD,2019-11-10,20.5,Snow
2692,ORD,2019-11-11,38.9,Snow
2693,ORD,2019-11-12,31.7,Snow
2694,ORD,2019-11-13,27.7,Cloudy
2695,ORD,2019-11-14,18.4,Snow
2696,ORD,2019-11-15,16.6,Sunny
2697,ORD,2019-11-16,16.6,Sunny
2698,ORD,2019-11-17,14.8,Snow
2699,ORD,2019-11-18,14.8,Cloudy
2700,ORD,2019-11-19,13.0,Rain
2701,ORD,2019-11-20,20.5,Sunny
2702,ORD,2019-11-21,40.7,Rain
2703,ORD,2019-11-22,22.3,Rain
2704,ORD,2019-11-23,16.6,Sunny
2705,ORD,2019-11-24,20.5,Sunny
2706,ORD,2019-11-25,18.4,Sunny
2707,ORD,2019-11-26,24.1,Rain
2708,ORD,2019-11-27,57.6,Rain
2709,ORD,2019-11-28,29.5,Rain
2710,ORD,2019-11-29,22.3,Rain
2711,ORD,2019-11-30,37.1,Rain
2712,ORD,2019-12-01,29.5,Rain
2713,ORD,2019-12-02,29.5,Sunny
2714,ORD,2019-12-03,25.9,Sunny
2715,ORD,2019-12-04,37.1,Sunny
2716,ORD,2019-12-05,18.4,Sunny
2717,ORD,2019-12-06,37.1,Sunny
2718,ORD,2019-12-07,18.4,Sunny
2719,ORD,2019-12-08,27.7,Sunny
2720,ORD,2019-12-09,38.9,Rain
2721,ORD,2019-12-10,25.9,Sunny
2722,ORD,2019-12-11,22.3,Sunny
2723,ORD,2019-12-12,27.7,Cloudy
2724,ORD,2019-12-13,18.3,Sunny
2725,ORD,2019-12-14,29.5,Cloudy
2726,ORD,2019-12-15,24.1,Sunny
2727,ORD,2019-12-16,16.5,Snow
2728,ORD,2019-12-17,25.9,Sunny
2729,ORD,2019-12-18,29.5,Sunny
2730,ORD,2019-12-19,27.7,Sunny
2731,ORD,2019-12-20,16.6,Cloudy
2732,ORD,2019-12-21,18.4,Sunny
2733,ORD,2019-12-22,22.3,Sunny
2734,ORD,2019-12-23,20.5,Cloudy
2735,ORD,2019-12-24,24.1,Cloudy
2736,ORD,2019-12-25,24.1,Sunny
2737,ORD,2019-12-26,22.3,Sunny
2738,ORD,2019-12-27,24.1,Sunny
2739,ORD,2019-12-28,18.3,Rain
2740,ORD,2019-12-29,25.9,Snow
2741,ORD,2019-12-30,42.5,Snow
2742,ORD,2019-12-31,33.5,Snow
2743,SEA,2018-01-13,18.3,Rain
2744,SEA,2018-01-14,20.3,Sunny
2745,SEA,2018-01-15,35.1,Rain
2746,SEA,2018-01-16,25.8,Rain
2747,SEA,2018-01-17,35.1,Rain
2748,SEA,2018-01-18,27.6,Rain
2749,SEA,2018-01-19,25.8,Rain
2750,SEA,2018-01-20,35.2,Rain
2751,SEA,2018-01-21,46.2,Rain
2752,SEA,2018-01-22,29.4,Rain
2753,SEA,2018-01-23,22.2,Rain
2754,SEA,2018-01-24,29.4,Rain
2755,SEA,2018-01-25,29.4,Rain
2756,SEA,2018-01-26,25.8,Rain
2757,SEA,2018-01-27,38.8,Rain
2758,SEA,2018-01-28,24.0,Rain
2759,SEA,2018-01-29,31.6,Rain
2760,SEA,2018-01-30,33.3,Sunny
2761,SEA,2018-01-31,31.5,Cloudy
2762,SEA,2018-02-01,16.5,Rain
2763,SEA,2018-02-02,29.4,Rain
2764,SEA,2018-02-03,25.8,Rain
2765,SEA,2018-02-04,35.2,Rain
2766,SEA,2018-02-05,29.4,Rain
2767,SEA,2018-02-06,16.5,Rain
2768,SEA,2018-02-07,20.4,Cloudy
2769,SEA,2018-02-08,40.5,Rain
2770,SEA,2018-02-09,23.9,Rain
2771,SEA,2018-02-10,16.5,Sunny
2772,SEA,2018-02-11,25.8,Cloudy
2773,SEA,2018-02-12,27.6,Sunny
2774,SEA,2018-02-13,22.2,Rain
2775,SEA,2018-02-14,24.1,Rain
2776,SEA,2018-02-15,20.4,Rain
2777,SEA,2018-02-16,31.6,Rain
2778,SEA,2018-02-17,55.1,Rain
2779,SEA,2018-02-18,48.1,Rain
2780,SEA,2018-02-19,40.4,Sunny
2781,SEA,2018-02-20,20.4,Cloudy
2782,SEA,2018-02-21,24.0,Snow
2783,SEA,2018-02-22,25.8,Snow
2784,SEA,2018-02-23,31.5,Snow
2785,SEA,2018-02-24,31.6,Rain
2786,SEA,2018-02-25,38.6,Rain
2787,SEA,2018-02-26,20.4,Sunny
2788,SEA,2018-02-27,33.3,Rain
2789,SEA,2018-02-28,25.8,Rain
2790,SEA,2018-03-01,33.3,Rain
2791,SEA,2018-03-02,24.0,Rain
2792,SEA,2018-03-03,20.3,Sunny
2793,SEA,2018-03-04,20.4,Rain
2794,SEA,2018-03-05,16.5,Cloudy
2795,SEA,2018-03-06,25.8,Sunny
2796,SEA,2018-03-07,24.0,Rain
2797,SEA,2018-03-08,44.4,Rain
2798,SEA,2018-03-09,33.3,Sunny
2799,SEA,2018-03-10,14.8,Sunny
2800,SEA,2018-03-11,16.4,Sunny
2801,SEA,2018-03-12,31.6,Sunny
2802,SEA,2018-03-13,38.8,Rain
2803,SEA,2018-03-14,24.1,Rain
2804,SEA,2018-03-15,27.6,Sunny
2805,SEA,2018-03-16,27.5,Sunny
2806,SEA,2018-03-17,22.2,Cloudy
2807,SEA,2018-03-18,16.5,Cloudy
2808,SEA,2018-03-19,12.9,Sunny
2809,SEA,2018-03-20,16.5,Sunny
2810,SEA,2018-03-21,16.5,Rain
2811,SEA,2018-03-22,27.6,Rain
2812,SEA,2018-03-23,24.1,Rain
2813,SEA,2018-03-24,20.4,Rain
2814,SEA,2018-03-25,20.5,Rain
2815,SEA,2018-03-26,33.3,Rain
2816,SEA,2018-03-27,38.7,Rain
2817,SEA,2018-03-28,18.3,Cloudy
2818,SEA,2018-03-29,16.5,Cloudy
2819,SEA,2018-03-30,25.8,Cloudy
2820,SEA,2018-03-31,16.5,Cloudy
2821,SEA,2018-04-01,35.1,Rain
2822,SEA,2018-04-02,29.4,Sunny
2823,SEA,2018-04-03,22.2,Cloudy
2824,SEA,2018-04-04,16.5,Rain
2825,SEA,2018-04-05,14.7,Rain
2826,SEA,2018-04-06,22.2,Rain
2827,SEA,2018-04-07,27.5,Rain
2828,SEA,2018-04-08,35.1,Rain
2829,SEA,2018-04-09,20.4,Cloudy
2830,SEA,2018-04-10,35.1,Rain
2831,SEA,2018-04-11,22.2,Rain
2832,SEA,2018-04-12,27.6,Rain
2833,SEA,2018-04-13,35.2,Rain
2834,SEA,2018-04-14,22.3,Rain
2835,SEA,2018-04-15,29.4,Rain
2836,SEA,2018-04-16,33.4,Rain
2837,SEA,2018-04-17,33.4,Rain
2838,SEA,2018-04-18,22.2,Rain
2839,SEA,2018-04-19,16.5,Sunny
2840,SEA,2018-04-20,20.4,Cloudy
2841,SEA,2018-04-21,35.1,Rain
2842,SEA,2018-04-22,23.9,Sunny
2843,SEA,2018-04-23,29.5,Sunny
2844,SEA,2018-04-24,25.7,Sunny
2845,SEA,2018-04-25,25.7,Sunny
2846,SEA,2018-04-26,24.0,Sunny
2847,SEA,2018-04-27,25.9,Cloudy
2848,SEA,2018-04-28,18.3,Rain
2849,SEA,2018-04-29,24.0,Rain
2850,SEA,2018-04-30,16.5,Cloudy
2851,SEA,2018-05-01,14.7,Cloudy
2852,SEA,2018-05-02,18.3,Sunny
2853,SEA,2018-05-03,29.3,Cloudy
2854,SEA,2018-05-04,20.4,Cloudy
2855,SEA,2018-05-05,20.4,Rain
2856,SEA,2018-05-06,24.0,Cloudy
2857,SEA,2018-05-07,14.7,Sunny
2858,SEA,2018-05-08,22.2,Rain
2859,SEA,2018-05-09,27.6,Rain
2860,SEA,2018-05-10,18.3,Rain
2861,SEA,2018-05-11,14.7,Sunny
2862,SEA,2018-05-12,22.2,Sunny
2863,SEA,2018-05-13,16.5,Sunny
2864,SEA,2018-05-14,14.8,Sunny
2865,SEA,2018-05-15,18.3,Sunny
2866,SEA,2018-05-16,18.3,Cloudy
2867,SEA,2018-05-17,16.5,Cloudy
2868,SEA,2018-05-18,11.1,Cloudy
2869,SEA,2018-05-19,9.4,Rain
2870,SEA,2018-05-20,14.7,Cloudy
2871,SEA,2018-05-21,14.8,Sunny
2872,SEA,2018-05-22,18.3,Sunny
2873,SEA,2018-05-23,22.2,Sunny
2874,SEA,2018-05-24,16.5,Cloudy
2875,SEA,2018-05-25,16.5,Cloudy
2876,SEA,2018-05-26,14.7,Cloudy
2877,SEA,2018-05-27,12.9,Sunny
2878,SEA,2018-05-28,18.3,Sunny
2879,SEA,2018-05-29,22.3,Cloudy
2880,SEA,2018-05-30,20.4,Sunny
2881,SEA,2018-05-31,22.3,Cloudy
2882,SEA,2018-06-01,22.2,Rain
2883,SEA,2018-06-02,14.7,Sunny
2884,SEA,2018-06-03,18.2,Rain
2885,SEA,2018-06-04,13.0,Cloudy
2886,SEA,2018-06-05,24.0,Sunny
2887,SEA,2018-06-06,14.6,Sunny
2888,SEA,2018-06-07,22.2,Cloudy
2889,SEA,2018-06-08,18.3,Rain
2890,SEA,2018-06-09,18.3,Rain
2891,SEA,2018-06-10,36.9,Rain
2892,SEA,2018-06-11,14.6,Rain
2893,SEA,2018-06-12,18.4,Sunny
2894,SEA,2018-06-13,31.5,Rain
2895,SEA,2018-06-14,20.4,Cloudy
2896,SEA,2018-06-15,24.0,Sunny
2897,SEA,2018-06-16,23.9,Sunny
2898,SEA,2018-06-17,29.4,Sunny
2899,SEA,2018-06-18,20.4,Sunny
2900,SEA,2018-06-19,20.4,Sunny
2901,SEA,2018-06-20,18.3,Cloudy
2902,SEA,2018-06-21,20.5,Cloudy
2903,SEA,2018-06-22,16.5,Cloudy
2904,SEA,2018-06-23,16.5,Rain
2905,SEA,2018-06-24,33.4,Sunny
2906,SEA,2018-06-25,29.4,Rain
2907,SEA,2018-06-26,18.4,Sunny
2908,SEA,2018-06-27,16.5,Cloudy
2909,SEA,2018-06-28,18.2,Cloudy
2910,SEA,2018-06-29,14.7,Cloudy
2911,SEA,2018-06-30,24.0,Rain
2912,SEA,2018-07-01,25.8,Rain
2913,SEA,2018-07-02,14.7,Cloudy
2914,SEA,2018-07-03,20.5,Sunny
2915,SEA,2018-07-04,29.4,Sunny
2916,SEA,2018-07-05,16.5,Sunny
2917,SEA,2018-07-06,27.5,Rain
2918,SEA,2018-07-07,22.2,Rain
2919,SEA,2018-07-08,20.5,Sunny
2920,SEA,2018-07-09,18.3,Cloudy
2921,SEA,2018-07-10,18.3,Cloudy
2922,SEA,2018-07-11,20.5,Sunny
2923,SEA,2018-07-12,22.2,Sunny
2924,SEA,2018-07-13,18.3,Sunny
2925,SEA,2018-07-14,22.2,Sunny
2926,SEA,2018-07-15,20.5,Sunny
2927,SEA,2018-07-16,20.5,Sunny
2928,SEA,2018-07-17,22.2,Sunny
2929,SEA,2018-07-18,14.7,Sunny
2930,SEA,2018-07-19,18.3,Cloudy
2931,SEA,2018-07-20,18.3,Sunny
2932,SEA,2018-07-21,22.3,Sunny
2933,SEA,2018-07-22,20.4,Sunny
2934,SEA,2018-07-23,18.3,Sunny
2935,SEA,2018-07-24,18.3,Sunny
2936,SEA,2018-07-25,16.5,Sunny
2937,SEA,2018-07-26,12.9,Sunny
2938,SEA,2018-07-27,14.7,Sunny
2939,SEA,2018-07-28,16.5,Sunny
2940,SEA,2018-07-29,20.5,Sunny
2941,SEA,2018-07-30,14.7,Sunny
2942,SEA,2018-07-31,18.3,Sunny
2943,SEA,2018-08-01,16.6,Sunny
2944,SEA,2018-08-02,22.2,Rain
2945,SEA,2018-08-03,16.5,Rain
2946,SEA,2018-08-04,16.5,Sunny
2947,SEA,2018-08-05,18.3,Sunny
2948,SEA,2018-08-06,20.4,Sunny
2949,SEA,2018-08-07,24.0,Sunny
2950,SEA,2018-08-08,18.3,Sunny
2951,SEA,2018-08-09,16.5,Sunny
2952,SEA,2018-08-10,25.8,Sunny
2953,SEA,2018-08-11,24.1,Rain
2954,SEA,2018-08-12,18.3,Cloudy
2955,SEA,2018-08-13,22.2,Sunny
2956,SEA,2018-08-14,20.4,Sunny
2957,SEA,2018-08-15,13.0,Sunny
2958,SEA,2018-08-16,16.5,Sunny
2959,SEA,2018-08-17,13.0,Sunny
2960,SEA,2018-08-18,20.4,Sunny
2961,SEA,2018-08-19,20.5,Sunny
2962,SEA,2018-08-20,24.0,Cloudy
2963,SEA,2018-08-21,18.4,Sunny
2964,SEA,2018-08-22,16.6,Cloudy
2965,SEA,2018-08-23,22.2,Rain
2966,SEA,2018-08-24,16.5,Cloudy
2967,SEA,2018-08-25,13.0,Cloudy
2968,SEA,2018-08-26,24.0,Rain
2969,SEA,2018-08-27,22.2,Rain
2970,SEA,2018-08-28,14.8,Sunny
2971,SEA,2018-08-29,20.4,Cloudy
2972,SEA,2018-08-30,18.3,Cloudy
2973,SEA,2018-08-31,18.3,Cloudy
2974,SEA,2018-09-01,16.5,Cloudy
2975,SEA,2018-09-02,22.2,Sunny
2976,SEA,2018-09-03,18.3,Sunny
2977,SEA,2018-09-04,20.3,Sunny
2978,SEA,2018-09-05,18.3,Sunny
2979,SEA,2018-09-06,14.7,Sunny
2980,SEA,2018-09-07,16.5,Rain
2981,SEA,2018-09-08,20.5,Rain
2982,SEA,2018-09-09,24.0,Rain
2983,SEA,2018-09-10,25.9,Rain
2984,SEA,2018-09-11,25.8,Rain
2985,SEA,2018-09-12,16.5,Rain
2986,SEA,2018-09-13,20.4,Cloudy
2987,SEA,2018-09-14,25.7,Rain
2988,SEA,2018-09-15,18.3,Rain
2989,SEA,2018-09-16,27.6,Rain
2990,SEA,2018-09-17,18.3,Sunny
2991,SEA,2018-09-18,18.3,Sunny
2992,SEA,2018-09-19,16.5,Rain
2993,SEA,2018-09-20,16.5,Rain
2994,SEA,2018-09-21,20.4,Rain
2995,SEA,2018-09-22,35.2,Rain
2996,SEA,2018-09-23,20.4,Rain
2997,SEA,2018-09-24,27.6,Sunny
2998,SEA,2018-09-25,22.2,Sunny
2999,SEA,2018-09-26,24.0,Sunny
3000,SEA,2018-09-27,22.2,Sunny
3001,SEA,2018-09-28,27.5,Sunny
3002,SEA,2018-09-29,16.5,Rain
3003,SEA,2018-09-30,16.5,Rain
3004,SEA,2018-10-01,18.3,Rain
3005,SEA,2018-10-02,35.2,Rain
3006,SEA,2018-10-03,16.6,Sunny
3007,SEA,2018-10-04,14.7,Sunny
3008,SEA,2018-10-05,22.1,Rain
3009,SEA,2018-10-06,23.9,Cloudy
3010,SEA,2018-10-07,12.9,Rain
3011,SEA,2018-10-08,9.3,Rain
3012,SEA,2018-10-09,33.3,Rain
3013,SEA,2018-10-10,14.6,Sunny
3014,SEA,2018-10-11,14.7,Sunny
3015,SEA,2018-10-12,22.3,Sunny
3016,SEA,2018-10-13,27.5,Sunny
3017,SEA,2018-10-14,20.4,Sunny
3018,SEA,2018-10-15,23.9,Sunny
3019,SEA,2018-10-16,14.6,Sunny
3020,SEA,2018-10-17,14.6,Sunny
3021,SEA,2018-10-18,12.9,Sunny
3022,SEA,2018-10-19,11.1,Sunny
3023,SEA,2018-10-20,16.5,Sunny
3024,SEA,2018-10-21,11.1,Sunny
3025,SEA,2018-10-22,7.5,Sunny
3026,SEA,2018-10-23,22.3,Rain
3027,SEA,2018-10-24,14.7,Cloudy
3028,SEA,2018-10-25,18.2,Rain
3029,SEA,2018-10-26,29.4,Rain
3030,SEA,2018-10-27,16.4,Rain
3031,SEA,2018-10-28,27.6,Rain
3032,SEA,2018-10-29,18.3,Rain
3033,SEA,2018-10-30,16.5,Rain
3034,SEA,2018-10-31,27.5,Rain
3035,SEA,2018-11-01,31.5,Rain
3036,SEA,2018-11-02,35.1,Rain
3037,SEA,2018-11-03,27.7,Rain
3038,SEA,2018-11-04,27.6,Cloudy
3039,SEA,2018-11-05,27.6,Cloudy
